study_country,drug_preferred_label,bacteria_preferred_label,study_id
algeria,amikacin,escherichia coli,18418
algeria,amoxicillin,klebsiella pneumoniae,202
algeria,amoxicillin-potassium clavulanate combination,escherichia coli,18418
algeria,amoxicillin-potassium clavulanate combination,klebsiella pneumoniae,202
algeria,ampicillin,escherichia coli,18418
algeria,aztreonam,escherichia coli,18418
algeria,cefotaxime,escherichia coli,18418
algeria,cefotaxime,klebsiella pneumoniae,202
algeria,cefoxitin,escherichia coli,18418
algeria,cefoxitin,klebsiella pneumoniae,202
algeria,ceftazidime,escherichia coli,18418
algeria,cefuroxime,escherichia coli,18418
algeria,cephalothin,klebsiella pneumoniae,202
algeria,ciprofloxacin,escherichia coli,"183,18418"
algeria,ertapenem,klebsiella pneumoniae,202
algeria,gentamicins,escherichia coli,"183,18418"
algeria,imipenem,escherichia coli,18418
algeria,imipenem,klebsiella pneumoniae,202
algeria,kanamycin,escherichia coli,183
algeria,minocycline,escherichia coli,183
algeria,nalidixic acid,escherichia coli,183
algeria,ofloxacin,escherichia coli,183
algeria,piperacillin,klebsiella pneumoniae,202
algeria,"piperacillin, tazobactam drug combination",escherichia coli,18418
algeria,"piperacillin, tazobactam drug combination",klebsiella pneumoniae,202
algeria,ticarcillin,klebsiella pneumoniae,202
algeria,ticarcillin-clavulanic acid,klebsiella pneumoniae,202
algeria,tobramycin,escherichia coli,"183,18418"
algeria,"trimethoprim, sulfamethoxazole drug combination",escherichia coli,183
argentina,amikacin,brevundimonas diminuta,591
argentina,ampicillin,brevundimonas diminuta,"591,592"
argentina,aztreonam,brevundimonas diminuta,591
argentina,beta-lactams,klebsiella pneumoniae,7494
argentina,carbapenems,klebsiella pneumoniae,7494
argentina,cefepime,brevundimonas diminuta,"591,592"
argentina,cefotaxime,brevundimonas diminuta,"591,592"
argentina,cefoxitin,brevundimonas diminuta,"591,592"
argentina,ceftazidime,brevundimonas diminuta,"591,592"
argentina,cephalothin,brevundimonas diminuta,"591,592"
argentina,chloramphenicol,klebsiella pneumoniae,7494
argentina,ciprofloxacin,brevundimonas diminuta,591
argentina,colistin,brevundimonas diminuta,591
argentina,colistin,klebsiella pneumoniae,7494
argentina,fosfomycin,klebsiella pneumoniae,7494
argentina,gentamicins,brevundimonas diminuta,591
argentina,imipenem,brevundimonas diminuta,"591,592"
argentina,meropenem,brevundimonas diminuta,"591,592"
argentina,"piperacillin, tazobactam drug combination",brevundimonas diminuta,"591,592"
argentina,rifampin,klebsiella pneumoniae,7494
argentina,sulfamethoxazole,klebsiella pneumoniae,7494
argentina,sultamicillin,brevundimonas diminuta,"591,592"
argentina,tetracyclines,klebsiella pneumoniae,7494
argentina,trimethoprim,klebsiella pneumoniae,7494
argentina,"trimethoprim, sulfamethoxazole drug combination",brevundimonas diminuta,591
australia,levofloxacin,clostridioides difficile,17611
australia,moxifloxacin,clostridioides difficile,17611
austria,cefixime,neisseria gonorrhoeae,21347
austria,ceftriaxone,neisseria gonorrhoeae,21347
austria,ciprofloxacin,neisseria gonorrhoeae,21347
austria,NA,NA,23314
belgium,amikacin,escherichia coli,2303
belgium,aztreonam,escherichia coli,2303
belgium,cefepime,escherichia coli,2303
belgium,ceftazidime,escherichia coli,2303
belgium,doripenem,escherichia coli,2303
belgium,ertapenem,enterobacter cloacae,2302
belgium,ertapenem,escherichia coli,2303
belgium,imipenem,escherichia coli,2303
belgium,levofloxacin,escherichia coli,2303
belgium,meropenem,escherichia coli,2303
belgium,piperacillin,enterobacter cloacae,2302
belgium,"piperacillin, tazobactam drug combination",enterobacter cloacae,2302
belgium,temocillin,enterobacter cloacae,2302
belgium,ticarcillin,enterobacter cloacae,2302
belgium,ticarcillin-clavulanic acid,enterobacter cloacae,2302
brazil,amikacin,acinetobacter,18674
brazil,amikacin,sphingobacterium multivorum,13741
brazil,aminoglycosides,sphingobacterium multivorum,13741
brazil,amoxicillin-potassium clavulanate combination,acinetobacter,18674
brazil,amoxicillin-potassium clavulanate combination,pseudomonas putida,580
brazil,aztreonam,acinetobacter,18674
brazil,aztreonam,pseudomonas putida,580
brazil,aztreonam,sphingobacterium multivorum,13741
brazil,carbapenems,acinetobacter baumannii,16584
brazil,carbapenems,sphingobacterium multivorum,13741
brazil,cefadroxil,acinetobacter,18674
brazil,cefepime,acinetobacter baumannii,23251
brazil,cefepime,pseudomonas putida,580
brazil,cefotaxime,pseudomonas putida,580
brazil,cefotaxime,sphingobacterium multivorum,13741
brazil,ceftazidime,acinetobacter baumannii,23251
brazil,ceftazidime,klebsiella pneumoniae,3461
brazil,ceftazidime,pseudomonas putida,580
brazil,ceftriaxone,acinetobacter,18674
brazil,ceftriaxone,acinetobacter baumannii,23251
brazil,ceftriaxone,pseudomonas putida,580
brazil,cephalothin,pseudomonas putida,580
brazil,cephalothin,rahnella aquatilis,13308
brazil,chloramphenicol,enterococcus gallinarum,13804
brazil,ciprofloxacin,acinetobacter,18674
brazil,ciprofloxacin,klebsiella pneumoniae,3461
brazil,ciprofloxacin,pseudomonas putida,580
brazil,ertapenem,acinetobacter,18674
brazil,erythromycin,enterococcus gallinarum,13804
brazil,gentamicins,enterococcus gallinarum,13804
brazil,gentamicins,pseudomonas putida,580
brazil,gentamicins,sphingobacterium multivorum,13741
brazil,imipenem,acinetobacter,18674
brazil,imipenem,acinetobacter baumannii,23251
brazil,imipenem,acinetobacter nosocomialis,20639
brazil,imipenem,pseudomonas putida,580
brazil,imipenem,sphingobacterium multivorum,13741
brazil,levofloxacin,acinetobacter,18674
brazil,levofloxacin,klebsiella pneumoniae,3461
brazil,linezolid,staphylococcus aureus,6842
brazil,meropenem,acinetobacter,18674
brazil,meropenem,acinetobacter baumannii,23251
brazil,meropenem,acinetobacter nosocomialis,20639
brazil,meropenem,pseudomonas putida,580
brazil,meropenem,sphingobacterium multivorum,13741
brazil,nitrofurantoin,acinetobacter,18674
brazil,oxacillin,staphylococcus aureus,17942
brazil,oxacillin,streptomyces aureus,17942
brazil,"piperacillin, tazobactam drug combination",acinetobacter,18674
brazil,"piperacillin, tazobactam drug combination",pseudomonas putida,580
brazil,"piperacillin, tazobactam drug combination",sphingobacterium multivorum,13741
brazil,rifampin,klebsiella oxytoca,579
brazil,teicoplanin,enterococcus gallinarum,13804
brazil,tetracycline,enterococcus gallinarum,13804
brazil,tigecycline,pseudomonas putida,580
brazil,tobramycin,sphingobacterium multivorum,13741
brazil,"trimethoprim, sulfamethoxazole drug combination",acinetobacter,18674
brazil,vancomycin,acinetobacter baumannii,16584
brazil,vancomycin,enterococcus gallinarum,13804
bulgaria,amoxicillin,helicobacter pylori,2512
bulgaria,aztreonam,klebsiella pneumoniae,20899
bulgaria,cefepime,klebsiella pneumoniae,20899
bulgaria,cefotaxime,klebsiella pneumoniae,20899
bulgaria,ceftazidime,klebsiella pneumoniae,20899
bulgaria,ciprofloxacin,klebsiella pneumoniae,20899
bulgaria,clarithromycin,helicobacter pylori,2512
bulgaria,doripenem,klebsiella pneumoniae,20899
bulgaria,doxycycline,klebsiella pneumoniae,20899
bulgaria,ertapenem,klebsiella pneumoniae,20899
bulgaria,imipenem,klebsiella pneumoniae,20899
bulgaria,levofloxacin,klebsiella pneumoniae,20899
bulgaria,meropenem,klebsiella pneumoniae,20899
bulgaria,metronidazole,helicobacter pylori,2512
bulgaria,"piperacillin, tazobactam drug combination",klebsiella pneumoniae,20899
bulgaria,tetracycline,helicobacter pylori,2512
bulgaria,ticarcillin-clavulanic acid,klebsiella pneumoniae,20899
bulgaria,tobramycin,klebsiella pneumoniae,20899
bulgaria,"trimethoprim, sulfamethoxazole drug combination",klebsiella pneumoniae,20899
canada,amikacin,enterobacteriaceae,16248
canada,amikacin,klebsiella pneumoniae,2419
canada,amikacin,morganella morganii,11303
canada,amikacin,providencia rettgeri,11303
canada,amikacin,pseudomonas aeruginosa,13370
canada,aminoglycosides,klebsiella pneumoniae,20841
canada,amoxicillin-potassium clavulanate combination,enterobacteriaceae,16248
canada,amoxicillin-potassium clavulanate combination,morganella morganii,11303
canada,amoxicillin-potassium clavulanate combination,providencia rettgeri,11303
canada,ampicillin,escherichia fergusonii,11384
canada,ampicillin,klebsiella pneumoniae,2419
canada,ampicillin,morganella morganii,11303
canada,ampicillin,providencia rettgeri,11303
canada,aztreonam,enterobacteriaceae,16248
canada,aztreonam,escherichia fergusonii,11384
canada,beta-lactams,klebsiella pneumoniae,20841
canada,carbapenems,klebsiella pneumoniae,20841
canada,cefazolin,morganella morganii,11303
canada,cefazolin,providencia rettgeri,11303
canada,cefepime,klebsiella pneumoniae,2419
canada,cefepime,morganella morganii,11303
canada,cefepime,providencia rettgeri,11303
canada,cefepime,pseudomonas aeruginosa,13370
canada,cefotaxime,klebsiella pneumoniae,2419
canada,cefoxitin,enterobacteriaceae,16248
canada,cefoxitin,klebsiella pneumoniae,2419
canada,cefoxitin,pseudomonas aeruginosa,13370
canada,ceftazidime,enterobacteriaceae,16248
canada,ceftazidime,klebsiella pneumoniae,2419
canada,ceftazidime,morganella morganii,11303
canada,ceftazidime,providencia rettgeri,11303
canada,ceftazidime,pseudomonas aeruginosa,13370
canada,ceftriaxone,enterobacteriaceae,16248
canada,ceftriaxone,morganella morganii,11303
canada,ceftriaxone,providencia rettgeri,11303
canada,ceftriaxone,pseudomonas aeruginosa,13370
canada,chloramphenicol,corynebacterium diphtheriae,13994
canada,chloramphenicol,klebsiella pneumoniae,14571
canada,chloramphenicol,morganella morganii,11303
canada,ciprofloxacin,enterobacteriaceae,16248
canada,ciprofloxacin,klebsiella pneumoniae,2419
canada,ciprofloxacin,morganella morganii,11303
canada,ciprofloxacin,providencia rettgeri,11303
canada,ciprofloxacin,pseudomonas aeruginosa,13370
canada,clindamycin,corynebacterium diphtheriae,13994
canada,colistin,klebsiella pneumoniae,2419
canada,colistin,morganella morganii,11303
canada,colistin,providencia rettgeri,11303
canada,doripenem,morganella morganii,11303
canada,doripenem,providencia rettgeri,11303
canada,ertapenem,enterobacteriaceae,16248
canada,ertapenem,klebsiella pneumoniae,2419
canada,ertapenem,morganella morganii,11303
canada,ertapenem,providencia rettgeri,11303
canada,erythromycin,corynebacterium diphtheriae,13994
canada,gentamicins,cupriavidus metallidurans,11510
canada,gentamicins,enterobacteriaceae,16248
canada,gentamicins,klebsiella pneumoniae,2419
canada,gentamicins,morganella morganii,11303
canada,gentamicins,providencia rettgeri,11303
canada,gentamicins,pseudomonas aeruginosa,13370
canada,imipenem,klebsiella pneumoniae,2419
canada,imipenem,morganella morganii,11303
canada,imipenem,providencia rettgeri,11303
canada,levofloxacin,klebsiella pneumoniae,2419
canada,meropenem,enterobacteriaceae,16248
canada,meropenem,klebsiella pneumoniae,2419
canada,meropenem,morganella morganii,11303
canada,meropenem,providencia rettgeri,11303
canada,meropenem,pseudomonas aeruginosa,13370
canada,nalidixic acid,klebsiella pneumoniae,2419
canada,nitrofurantoin,klebsiella pneumoniae,20841
canada,nitrofurantoin,morganella morganii,11303
canada,nitrofurantoin,providencia rettgeri,11303
canada,"piperacillin, tazobactam drug combination",enterobacteriaceae,16248
canada,"piperacillin, tazobactam drug combination",pseudomonas aeruginosa,13370
canada,quinolones,klebsiella pneumoniae,20841
canada,telithromycin,corynebacterium diphtheriae,13994
canada,tetracycline,corynebacterium diphtheriae,13994
canada,tetracycline,klebsiella pneumoniae,"2419,20841"
canada,tetracycline,morganella morganii,11303
canada,tetracycline,providencia rettgeri,11303
canada,tigecycline,klebsiella pneumoniae,2419
canada,tigecycline,pseudomonas aeruginosa,13370
canada,tobramycin,cupriavidus metallidurans,11510
canada,tobramycin,enterobacteriaceae,16248
canada,tobramycin,klebsiella pneumoniae,2419
canada,tobramycin,morganella morganii,11303
canada,tobramycin,providencia rettgeri,11303
canada,tobramycin,pseudomonas aeruginosa,13370
canada,"trimethoprim, sulfamethoxazole drug combination",corynebacterium diphtheriae,13994
canada,"trimethoprim, sulfamethoxazole drug combination",enterobacteriaceae,16248
canada,"trimethoprim, sulfamethoxazole drug combination",escherichia fergusonii,11384
canada,"trimethoprim, sulfamethoxazole drug combination",klebsiella pneumoniae,"2419,20841"
canada,"trimethoprim, sulfamethoxazole drug combination",pseudomonas aeruginosa,13370
canada,NA,NA,261
china,amikacin,acinetobacter baumannii,9075
china,amikacin,escherichia coli,"9075,12065,12359"
china,amikacin,klebsiella pneumoniae,9010
china,amikacin,staphylococcus capitis,9081
china,aminoglycosides,acinetobacter soli,3060
china,aminoglycosides,klebsiella pneumoniae,3596
china,ampicillin,acinetobacter baumannii,9075
china,ampicillin,acinetobacter junii,23549
china,ampicillin,citrobacter freundii,9075
china,ampicillin,escherichia coli,"9075,12065,12359"
china,ampicillin,klebsiella pneumoniae,9010
china,ampicillin,salmonella enterica,9733
china,aztreonam,acinetobacter baumannii,9075
china,aztreonam,acinetobacter soli,3060
china,aztreonam,aeromonas caviae,23039
china,aztreonam,citrobacter freundii,9075
china,aztreonam,escherichia coli,"9075,12065,12344,12359"
china,aztreonam,klebsiella pneumoniae,"9010,9045"
china,aztreonam,nocardia otitidiscaviarum,23039
china,beta-lactams,acinetobacter soli,3060
china,beta-lactams,klebsiella pneumoniae,3596
china,carbapenems,acinetobacter soli,3060
china,cefazolin,acinetobacter junii,23549
china,cefazolin,escherichia coli,"12344,12359"
china,cefazolin,klebsiella pneumoniae,9045
china,cefazolin,shigella boydii,22167
china,cefepime,acinetobacter baumannii,9075
china,cefepime,acinetobacter junii,23549
china,cefepime,aeromonas caviae,23039
china,cefepime,citrobacter freundii,9075
china,cefepime,escherichia coli,"9075,12065,12344,12359"
china,cefepime,klebsiella pneumoniae,"9010,9045"
china,cefepime,nocardia otitidiscaviarum,23039
china,cefepime,rhodoplanes,23408
china,cefepime,staphylococcus capitis,9081
china,cefoperazone,rhodoplanes,23408
china,cefotaxime,acinetobacter baumannii,9075
china,cefotaxime,aeromonas caviae,23039
china,cefotaxime,citrobacter freundii,9075
china,cefotaxime,escherichia coli,"9075,12344"
china,cefotaxime,klebsiella pneumoniae,9010
china,cefotaxime,nocardia otitidiscaviarum,23039
china,cefotaxime,salmonella enterica,9733
china,cefotetan,acinetobacter junii,23549
china,cefotetan,escherichia coli,"12065,12359"
china,cefoxitin,acinetobacter baumannii,9075
china,cefoxitin,aeromonas caviae,23039
china,cefoxitin,citrobacter freundii,9075
china,cefoxitin,escherichia coli,"9075,12344"
china,cefoxitin,klebsiella pneumoniae,9010
china,cefoxitin,nocardia otitidiscaviarum,23039
china,ceftazidime,acinetobacter baumannii,9075
china,ceftazidime,acinetobacter junii,23549
china,ceftazidime,aeromonas caviae,23039
china,ceftazidime,citrobacter freundii,9075
china,ceftazidime,escherichia coli,"9075,12065,12344,12359"
china,ceftazidime,klebsiella pneumoniae,"9010,9045"
china,ceftazidime,nocardia otitidiscaviarum,23039
china,ceftriaxone,acinetobacter junii,23549
china,ceftriaxone,aeromonas caviae,23039
china,ceftriaxone,escherichia coli,"12065,12344,12359"
china,ceftriaxone,klebsiella pneumoniae,9045
china,ceftriaxone,nocardia otitidiscaviarum,23039
china,ceftriaxone,salmonella enterica,9733
china,ceftriaxone,shigella boydii,22167
china,cefuroxime,rhodoplanes,23408
china,cefuroxime,shigella boydii,22167
china,cephalosporins,klebsiella pneumoniae,9045
china,chloramphenicol,salmonella enterica,22668
china,"cilastatin, imipenem drug combination",rhodoplanes,23408
china,ciprofloxacin,aeromonas caviae,23039
china,ciprofloxacin,escherichia coli,"12065,12344,12359"
china,ciprofloxacin,klebsiella pneumoniae,9045
china,ciprofloxacin,nocardia otitidiscaviarum,23039
china,ciprofloxacin,shigella boydii,22167
china,clindamycin,staphylococcus capitis,9081
china,doripenem,acinetobacter soli,3060
china,ertapenem,acinetobacter baumannii,9075
china,ertapenem,acinetobacter junii,23549
china,ertapenem,acinetobacter soli,3060
china,ertapenem,citrobacter freundii,9075
china,ertapenem,escherichia coli,"9075,12065,12344"
china,ertapenem,klebsiella pneumoniae,9045
china,fosfomycin,klebsiella pneumoniae,9010
china,gentamicins,acinetobacter baumannii,9075
china,gentamicins,aeromonas caviae,23039
china,gentamicins,escherichia coli,"9075,12065,12344,12359"
china,gentamicins,klebsiella pneumoniae,9010
china,gentamicins,nocardia otitidiscaviarum,23039
china,gentamicins,salmonella enterica,"9733,22668"
china,imipenem,acinetobacter baumannii,9075
china,imipenem,acinetobacter junii,23549
china,imipenem,acinetobacter soli,3060
china,imipenem,citrobacter freundii,9075
china,imipenem,escherichia coli,"9075,12065,12344,12359"
china,imipenem,klebsiella pneumoniae,"9010,9045,22199"
china,kanamycin,salmonella enterica,22668
china,levofloxacin,escherichia coli,"12065,12344,12359"
china,levofloxacin,klebsiella pneumoniae,"9010,9045"
china,levofloxacin,rhodoplanes,23408
china,levofloxacin,shigella boydii,22167
china,levofloxacin,staphylococcus capitis,9081
china,linezolid,staphylococcus capitis,9081
china,macrolides,campylobacter,3613
china,meropenem,acinetobacter baumannii,9075
china,meropenem,acinetobacter soli,3060
china,meropenem,citrobacter freundii,9075
china,meropenem,escherichia coli,"9075,12344,12359"
china,meropenem,klebsiella pneumoniae,"9010,22199"
china,nalidixic acid,salmonella enterica,22668
china,nitrofurantoin,acinetobacter junii,23549
china,nitrofurantoin,escherichia coli,"12065,12344"
china,ornidazole,rhodoplanes,23408
china,penicillins,rhodoplanes,23408
china,penicillins,staphylococcus capitis,9081
china,piperacillin,klebsiella pneumoniae,9010
china,piperacillin,salmonella enterica,9733
china,piperacillin,shigella boydii,22167
china,"piperacillin, tazobactam drug combination",aeromonas caviae,23039
china,"piperacillin, tazobactam drug combination",escherichia coli,"12065,12344,12359"
china,"piperacillin, tazobactam drug combination",klebsiella pneumoniae,"9010,9045"
china,"piperacillin, tazobactam drug combination",nocardia otitidiscaviarum,23039
china,"piperacillin, tazobactam drug combination",staphylococcus capitis,9081
china,"piperacillin, tazobactam drug combination",stenotrophomonas maltophilia,23491
china,sulbactam,rhodoplanes,23408
china,sulfamethoxazole,salmonella enterica,22668
china,sultamicillin,escherichia coli,"12065,12344,12359"
china,sultamicillin,klebsiella pneumoniae,9045
china,sultamicillin,stenotrophomonas maltophilia,23491
china,tazobactam,stenotrophomonas maltophilia,23491
china,tetracycline,escherichia coli,12065
china,tetracycline,salmonella enterica,"9733,22668"
china,tetracyclines,klebsiella pneumoniae,3596
china,tobramycin,escherichia coli,"12065,12344,12359"
china,trimethoprim,salmonella enterica,22668
china,"trimethoprim, sulfamethoxazole drug combination",escherichia coli,"12065,12344,12359"
china,"trimethoprim, sulfamethoxazole drug combination",klebsiella pneumoniae,9010
china,"trimethoprim, sulfamethoxazole drug combination",salmonella enterica,9733
china,"trimethoprim, sulfamethoxazole drug combination",stenotrophomonas maltophilia,23491
china,NA,NA,3651
colombia,cefotaxime,klebsiella pneumoniae,5934
colombia,clindamycin,staphylococcus aureus,9727
colombia,ertapenem,klebsiella pneumoniae,5934
colombia,erythromycin,staphylococcus aureus,"661,9727"
colombia,ethambutol,mycobacterium tuberculosis,14616
colombia,gentamicins,staphylococcus aureus,9727
colombia,isoniazid,mycobacterium tuberculosis,14616
colombia,levofloxacin,staphylococcus aureus,9727
colombia,meropenem,klebsiella pneumoniae,5934
colombia,methicillin,staphylococcus aureus,661
colombia,minocycline,staphylococcus aureus,9727
colombia,moxifloxacin,staphylococcus aureus,9727
colombia,rifampin,mycobacterium tuberculosis,14616
colombia,streptomycin,mycobacterium tuberculosis,14616
colombia,tetracycline,staphylococcus aureus,"661,9727"
colombia,"trimethoprim, sulfamethoxazole drug combination",staphylococcus aureus,9727
congo,NA,NA,1151
croatia,amoxicillin,klebsiella pneumoniae,1786
croatia,ampicillin,enterobacter cloacae,15256
croatia,cefazolin,klebsiella pneumoniae,1786
croatia,cefepime,klebsiella pneumoniae,1786
croatia,cefotaxime,klebsiella pneumoniae,1786
croatia,ceftazidime,klebsiella pneumoniae,1786
croatia,ceftriaxone,klebsiella pneumoniae,1786
croatia,cefuroxime,klebsiella pneumoniae,1786
croatia,cephalosporins,enterobacter cloacae,15256
croatia,clavulanic acid,enterobacter cloacae,15256
croatia,clavulanic acid,klebsiella pneumoniae,1786
croatia,ertapenem,klebsiella pneumoniae,1786
croatia,gentamicins,enterobacter cloacae,15256
croatia,gentamicins,klebsiella pneumoniae,1786
croatia,imipenem,klebsiella pneumoniae,1786
croatia,meropenem,klebsiella pneumoniae,1786
croatia,netilmicin,enterobacter cloacae,15256
croatia,"piperacillin, tazobactam drug combination",enterobacter cloacae,15256
croatia,"piperacillin, tazobactam drug combination",klebsiella pneumoniae,1786
croatia,quinolones,enterobacter cloacae,15256
croatia,tobramycin,enterobacter cloacae,15256
croatia,"trimethoprim, sulfamethoxazole drug combination",enterobacter cloacae,15256
croatia,NA,NA,7440
cuba,amoxicillin,klebsiella pneumoniae,1652
cuba,amoxicillin-potassium clavulanate combination,klebsiella pneumoniae,1652
cuba,cefepime,klebsiella pneumoniae,1652
cuba,cefotaxime,klebsiella pneumoniae,1652
cuba,ceftazidime,klebsiella pneumoniae,1652
cuba,piperacillin,klebsiella pneumoniae,1652
cuba,"piperacillin, tazobactam drug combination",klebsiella pneumoniae,1652
cuba,ticarcillin,klebsiella pneumoniae,1652
cuba,ticarcillin-clavulanic acid,klebsiella pneumoniae,1652
czech republic,amikacin,klebsiella pneumoniae,8950
czech republic,ampicillin,klebsiella pneumoniae,8950
czech republic,aztreonam,klebsiella pneumoniae,8950
czech republic,cefepime,klebsiella pneumoniae,8950
czech republic,cefoperazone,klebsiella pneumoniae,8950
czech republic,cefotaxime,klebsiella pneumoniae,8950
czech republic,ceftazidime,klebsiella pneumoniae,8950
czech republic,cefuroxime,klebsiella pneumoniae,8950
czech republic,ciprofloxacin,klebsiella pneumoniae,8950
czech republic,imipenem,klebsiella pneumoniae,8950
czech republic,meropenem,klebsiella pneumoniae,8950
czech republic,nalidixic acid,klebsiella pneumoniae,8950
czech republic,piperacillin,klebsiella pneumoniae,8950
czech republic,"piperacillin, tazobactam drug combination",klebsiella pneumoniae,8950
czech republic,sultamicillin,klebsiella pneumoniae,8950
czech republic,tetracycline,klebsiella pneumoniae,8950
czech republic,trimethoprim,klebsiella pneumoniae,8950
czech republic,"trimethoprim, sulfamethoxazole drug combination",klebsiella pneumoniae,8950
czech republic,NA,NA,"5362,8948"
denmark,amoxicillin-potassium clavulanate combination,escherichia coli,7108
denmark,ampicillin,escherichia coli,7108
denmark,cefoxitin,escherichia coli,7108
denmark,chloramphenicol,citrobacter freundii,8174
denmark,ertapenem,escherichia coli,7108
denmark,gentamicins,escherichia coli,7108
denmark,metronidazole,bacteroides stercoris,15654
denmark,"piperacillin, tazobactam drug combination",escherichia coli,7108
denmark,sulfonamides,citrobacter freundii,8174
denmark,trimethoprim,citrobacter freundii,8174
egypt,amikacin,acinetobacter baumannii,9937
egypt,amikacin,pseudomonas aeruginosa,23248
egypt,amoxicillin,escherichia coli,19615
egypt,aztreonam,escherichia coli,19615
egypt,beta-lactams,klebsiella pneumoniae,10450
egypt,cefepime,acinetobacter baumannii,9937
egypt,cefepime,pseudomonas aeruginosa,23248
egypt,cefoperazone,escherichia coli,19615
egypt,cefotaxime,escherichia coli,19615
egypt,cefotaxime,pseudomonas aeruginosa,23248
egypt,ceftazidime,acinetobacter baumannii,9937
egypt,ceftazidime,escherichia coli,19615
egypt,ceftazidime,pseudomonas aeruginosa,23248
egypt,ceftriaxone,escherichia coli,19615
egypt,chloramphenicol,acinetobacter baumannii,9937
egypt,ciprofloxacin,acinetobacter baumannii,9937
egypt,ciprofloxacin,pseudomonas aeruginosa,23248
egypt,clavulanic acid,pseudomonas aeruginosa,23248
egypt,doripenem,acinetobacter baumannii,9937
egypt,doripenem,escherichia coli,19615
egypt,gentamicins,acinetobacter baumannii,9937
egypt,gentamicins,escherichia coli,19615
egypt,gentamicins,klebsiella pneumoniae,10450
egypt,gentamicins,pseudomonas aeruginosa,23248
egypt,imipenem,acinetobacter baumannii,9937
egypt,imipenem,escherichia coli,19615
egypt,imipenem,pseudomonas aeruginosa,23248
egypt,linezolid,staphylococcus aureus,1080
egypt,linezolid,streptomyces aureus,1080
egypt,meropenem,acinetobacter baumannii,9937
egypt,meropenem,escherichia coli,19615
egypt,nalidixic acid,escherichia coli,19615
egypt,nalidixic acid,klebsiella pneumoniae,10450
egypt,norfloxacin,escherichia coli,19615
egypt,norfloxacin,klebsiella pneumoniae,10450
egypt,"piperacillin, tazobactam drug combination",pseudomonas aeruginosa,23248
egypt,tetracycline,escherichia coli,19615
egypt,tetracycline,klebsiella pneumoniae,10450
egypt,tobramycin,acinetobacter baumannii,9937
egypt,vancomycin,staphylococcus aureus,1080
egypt,vancomycin,streptomyces aureus,1080
finland,amikacin,klebsiella pneumoniae,15632
finland,aztreonam,klebsiella pneumoniae,15632
finland,cefotaxime,klebsiella pneumoniae,15632
finland,ceftazidime,klebsiella pneumoniae,15632
finland,cefuroxime,klebsiella pneumoniae,15632
finland,colistin,klebsiella pneumoniae,15632
finland,doxycycline,klebsiella pneumoniae,15632
finland,ertapenem,klebsiella pneumoniae,15632
finland,imipenem,klebsiella pneumoniae,15632
finland,meropenem,klebsiella pneumoniae,15632
finland,minocycline,klebsiella pneumoniae,15632
finland,"piperacillin, tazobactam drug combination",klebsiella pneumoniae,15632
finland,tigecycline,klebsiella pneumoniae,15632
finland,tobramycin,klebsiella pneumoniae,15632
france,amikacin,dyella,8089
france,amikacin,dyella sp. ld14149,8089
france,amikacin,pseudomonas aeruginosa,"6467,21824"
france,aminoglycosides,klebsiella pneumoniae,2487
france,amoxicillin,brevundimonas diminuta,13772
france,amoxicillin,clostridium botulinum,13490
france,amoxicillin,dyella,8089
france,amoxicillin,dyella sp. ld14149,8089
france,amoxicillin,pseudomonas aeruginosa,9628
france,amoxicillin,salmonella enterica,15475
france,amoxicillin-potassium clavulanate combination,brevundimonas diminuta,13772
france,amoxicillin-potassium clavulanate combination,dyella,8089
france,amoxicillin-potassium clavulanate combination,dyella sp. ld14149,8089
france,amoxicillin-potassium clavulanate combination,salmonella enterica,15475
france,azithromycin,mycoplasma genitalium,3910
france,aztreonam,klebsiella pneumoniae,10221
france,aztreonam,pseudomonas aeruginosa,21824
france,aztreonam,salmonella enterica,15475
france,beta-lactams,clostridium botulinum,13490
france,beta-lactams,klebsiella pneumoniae,2487
france,carbapenems,dyella,8089
france,carbapenems,dyella sp. ld14149,8089
france,carbapenems,klebsiella pneumoniae,2487
france,cefepime,pseudomonas aeruginosa,"6467,9628,21824"
france,cefixime,escherichia coli,22437
france,cefotaxime,escherichia coli,22437
france,ceftazidime,achromobacter xylosoxidans,737
france,ceftazidime,brevundimonas diminuta,13772
france,ceftazidime,pseudomonas aeruginosa,"6467,9628,21824"
france,ceftazidime,salmonella enterica,15475
france,ceftriaxone,escherichia coli,22437
france,ceftriaxone,ochrobactrum anthropi,13772
france,ceftriaxone,salmonella enterica,15475
france,cephalosporins,dyella,8089
france,cephalosporins,dyella sp. ld14149,8089
france,cephalothin,clostridium botulinum,13490
france,cephalothin,escherichia coli,22437
france,chloramphenicol,acinetobacter indicus,2372
france,ciprofloxacin,achromobacter xylosoxidans,737
france,ciprofloxacin,brevundimonas diminuta,13772
france,ciprofloxacin,dyella,8089
france,ciprofloxacin,dyella sp. ld14149,8089
france,ciprofloxacin,pseudomonas aeruginosa,"6467,21824"
france,clavulanic acid,klebsiella pneumoniae,10221
france,clindamycin,facklamia hominis,15
france,colistin,brevundimonas diminuta,13772
france,colistin,dyella,8089
france,colistin,dyella sp. ld14149,8089
france,colistin,salmonella enterica,15475
france,doripenem,pseudomonas aeruginosa,6467
france,doxycycline,pseudomonas aeruginosa,6467
france,ertapenem,acinetobacter indicus,2372
france,ertapenem,klebsiella pneumoniae,2487
france,fluoroquinolones,klebsiella pneumoniae,2487
france,fosfomycin,acinetobacter indicus,2372
france,fosfomycin,dyella,8089
france,fosfomycin,dyella sp. ld14149,8089
france,gentamicins,acinetobacter indicus,2372
france,gentamicins,dyella,8089
france,gentamicins,dyella sp. ld14149,8089
france,gentamicins,pseudomonas aeruginosa,"6467,21824"
france,gentamicins,salmonella enterica,15475
france,imipenem,achromobacter xylosoxidans,737
france,imipenem,acinetobacter indicus,2372
france,imipenem,klebsiella pneumoniae,"2487,10221"
france,imipenem,pseudomonas aeruginosa,"6467,21824"
france,kanamycin,clostridium botulinum,13490
france,levofloxacin,dyella,8089
france,levofloxacin,dyella sp. ld14149,8089
france,macrolides,mycoplasma genitalium,3910
france,meropenem,achromobacter xylosoxidans,737
france,meropenem,klebsiella pneumoniae,2487
france,meropenem,pseudomonas aeruginosa,"6467,9628,21824"
france,metronidazole,clostridium botulinum,13490
france,mezlocillin,clostridium botulinum,13490
france,nitrofurantoin,acinetobacter indicus,2372
france,penicillins,clostridium botulinum,13490
france,piperacillin,dyella,8089
france,piperacillin,dyella sp. ld14149,8089
france,piperacillin,pseudomonas aeruginosa,9628
france,"piperacillin, tazobactam drug combination",dyella,8089
france,"piperacillin, tazobactam drug combination",dyella sp. ld14149,8089
france,"piperacillin, tazobactam drug combination",ochrobactrum anthropi,13772
france,"piperacillin, tazobactam drug combination",pseudomonas aeruginosa,21824
france,tazobactam,klebsiella pneumoniae,10221
france,ticarcillin,clostridium botulinum,13490
france,ticarcillin,ochrobactrum anthropi,13772
france,ticarcillin,pseudomonas aeruginosa,"6467,9628,21824"
france,ticarcillin-clavulanic acid,dyella,8089
france,ticarcillin-clavulanic acid,dyella sp. ld14149,8089
france,ticarcillin-clavulanic acid,ochrobactrum anthropi,13772
france,ticarcillin-clavulanic acid,pseudomonas aeruginosa,"6467,21824"
france,tigecycline,pseudomonas aeruginosa,6467
france,tobramycin,acinetobacter indicus,2372
france,tobramycin,dyella,8089
france,tobramycin,dyella sp. ld14149,8089
france,tobramycin,pseudomonas aeruginosa,"6467,21824"
france,"trimethoprim, sulfamethoxazole drug combination",brevundimonas diminuta,13772
france,"trimethoprim, sulfamethoxazole drug combination",clostridium botulinum,13490
france,"trimethoprim, sulfamethoxazole drug combination",dyella,8089
france,"trimethoprim, sulfamethoxazole drug combination",dyella sp. ld14149,8089
france,"trimethoprim, sulfamethoxazole drug combination",klebsiella pneumoniae,2487
germany,amoxicillin,enterobacter cloacae,8181
germany,amoxicillin-potassium clavulanate combination,enterobacter cloacae,8181
germany,amoxicillin-potassium clavulanate combination,escherichia coli,7585
germany,ampicillin,escherichia coli,7585
germany,aztreonam,escherichia coli,7585
germany,cefepime,escherichia coli,7585
germany,cefotaxime,enterobacter cloacae,8181
germany,cefotaxime,escherichia coli,7585
germany,ceftazidime,enterobacter cloacae,8181
germany,ceftazidime,escherichia coli,7585
germany,cefuroxime,escherichia coli,7585
germany,doripenem,escherichia coli,7585
germany,ertapenem,enterobacter cloacae,8181
germany,ertapenem,escherichia coli,7585
germany,imipenem,escherichia coli,7585
germany,meropenem,escherichia coli,7585
germany,piperacillin,enterobacter cloacae,8181
germany,"piperacillin, tazobactam drug combination",enterobacter cloacae,8181
germany,"piperacillin, tazobactam drug combination",escherichia coli,7585
germany,sultamicillin,escherichia coli,7585
greece,amikacin,bacteroides fragilis,10248
greece,amikacin,escherichia coli,15936
greece,aminoglycosides,providencia stuartii,5449
greece,amoxicillin,klebsiella pneumoniae,21149
greece,amoxicillin-potassium clavulanate combination,klebsiella pneumoniae,21149
greece,aztreonam,klebsiella pneumoniae,21149
greece,aztreonam,providencia stuartii,5449
greece,carbapenems,escherichia coli,15936
greece,cefepime,klebsiella pneumoniae,21149
greece,cefotaxime,klebsiella pneumoniae,21149
greece,cefoxitin,klebsiella pneumoniae,21149
greece,ceftazidime,klebsiella pneumoniae,21149
greece,cephalosporins,providencia stuartii,5449
greece,chloramphenicol,providencia stuartii,5449
greece,ciprofloxacin,bacteroides fragilis,10248
greece,ciprofloxacin,corynebacterium striatum,3529
greece,ciprofloxacin,providencia stuartii,5449
greece,clindamycin,corynebacterium striatum,3529
greece,colistin,klebsiella pneumoniae,869
greece,colistin,providencia stuartii,5449
greece,ertapenem,klebsiella pneumoniae,21149
greece,erythromycin,neisseria lactamica,15946
greece,fosfomycin,providencia stuartii,5449
greece,gentamicins,bacteroides fragilis,10248
greece,gentamicins,corynebacterium striatum,3529
greece,imipenem,escherichia coli,15936
greece,imipenem,klebsiella pneumoniae,21149
greece,imipenem,providencia stuartii,5449
greece,isoniazid,mycobacterium tuberculosis,10246
greece,levofloxacin,providencia stuartii,5449
greece,meropenem,escherichia coli,15936
greece,meropenem,klebsiella pneumoniae,21149
greece,meropenem,providencia stuartii,5449
greece,moxifloxacin,corynebacterium striatum,3529
greece,netilmicin,escherichia coli,15936
greece,ofloxacin,providencia stuartii,5449
greece,penicillin g,corynebacterium striatum,3529
greece,penicillins,escherichia coli,15936
greece,penicillins,neisseria lactamica,15946
greece,piperacillin,klebsiella pneumoniae,21149
greece,"piperacillin, tazobactam drug combination",klebsiella pneumoniae,21149
greece,rifampin,mycobacterium tuberculosis,10246
greece,tigecycline,providencia stuartii,5449
greece,tobramycin,bacteroides fragilis,10248
greece,tobramycin,escherichia coli,15936
greece,"trimethoprim, sulfamethoxazole drug combination",escherichia coli,15936
greece,"trimethoprim, sulfamethoxazole drug combination",providencia stuartii,5449
india,amikacin,brevundimonas vesicularis,7945
india,amikacin,corynebacterium macginleyi,5183
india,amikacin,kocuria kristinae,5553
india,amikacin,proteus mirabilis,2067
india,amikacin,pseudomonas aeruginosa,10445
india,amikacin,ralstonia pickettii,10443
india,amikacin,rothia mucilaginosa,17649
india,amoxicillin,brevundimonas vesicularis,7945
india,amoxicillin,klebsiella pneumoniae,10020
india,amoxicillin,kocuria kristinae,5553
india,amoxicillin-potassium clavulanate combination,brevundimonas vesicularis,7945
india,amoxicillin-potassium clavulanate combination,klebsiella pneumoniae,10020
india,ampicillin,corynebacterium macginleyi,5183
india,ampicillin,proteus mirabilis,2067
india,ampicillin,rothia mucilaginosa,17649
india,ampicillin,salmonella enterica,13465
india,ampicillin,vibrio cholerae,13015
india,aztreonam,brevundimonas vesicularis,7945
india,aztreonam,salmonella enterica,13465
india,carbenicillin,proteus mirabilis,2067
india,cefazolin,rothia mucilaginosa,17649
india,cefepime,pseudomonas aeruginosa,10445
india,cefepime,ralstonia pickettii,10443
india,cefixime,proteus mirabilis,2067
india,cefoperazone,brevundimonas vesicularis,7945
india,cefoperazone,pseudomonas aeruginosa,10445
india,cefoperazone,ralstonia pickettii,10443
india,cefotaxime,brevundimonas vesicularis,7945
india,cefotaxime,proteus mirabilis,2067
india,cefotaxime,salmonella enterica,13465
india,cefoxitin,brevundimonas vesicularis,7945
india,cefoxitin,staphylococcus haemolyticus,"13399,17169"
india,ceftazidime,brevundimonas vesicularis,7945
india,ceftazidime,burkholderia pseudomallei,1806
india,ceftazidime,klebsiella pneumoniae,10020
india,ceftazidime,kocuria kristinae,5553
india,ceftazidime,proteus mirabilis,2067
india,ceftazidime,pseudomonas aeruginosa,10445
india,ceftazidime,ralstonia pickettii,10443
india,ceftazidime,salmonella enterica,13465
india,ceftriaxone,klebsiella pneumoniae,10020
india,ceftriaxone,kocuria kristinae,5553
india,ceftriaxone,proteus mirabilis,2067
india,ceftriaxone,pseudomonas aeruginosa,10445
india,ceftriaxone,ralstonia pickettii,10443
india,ceftriaxone,salmonella enterica,13465
india,ceftriaxone,vibrio cholerae,13015
india,cefuroxime,klebsiella pneumoniae,10020
india,cefuroxime,proteus mirabilis,2067
india,cephalosporins,corynebacterium macginleyi,5183
india,cephalothin,proteus mirabilis,2067
india,chloramphenicol,proteus mirabilis,2067
india,chloramphenicol,staphylococcus haemolyticus,17169
india,ciprofloxacin,kocuria kristinae,5553
india,ciprofloxacin,proteus mirabilis,2067
india,ciprofloxacin,pseudomonas aeruginosa,10445
india,ciprofloxacin,rothia mucilaginosa,17649
india,clavulanic acid,kocuria kristinae,5553
india,clindamycin,staphylococcus haemolyticus,"13399,17169"
india,colistin,brevundimonas vesicularis,7945
india,ertapenem,brevundimonas vesicularis,7945
india,ertapenem,klebsiella pneumoniae,10020
india,erythromycin,kocuria kristinae,5553
india,erythromycin,rothia mucilaginosa,17649
india,erythromycin,staphylococcus haemolyticus,"7968,13399"
india,fluoroquinolones,klebsiella pneumoniae,10020
india,furazolidone,vibrio cholerae,13015
india,gatifloxacin,proteus mirabilis,2067
india,gentamicins,brevundimonas vesicularis,7945
india,gentamicins,klebsiella pneumoniae,10020
india,gentamicins,kocuria kristinae,5553
india,gentamicins,proteus mirabilis,2067
india,gentamicins,pseudomonas aeruginosa,10445
india,gentamicins,ralstonia pickettii,10443
india,gentamicins,rothia mucilaginosa,17649
india,gentamicins,staphylococcus haemolyticus,"13399,17169"
india,imipenem,brevundimonas vesicularis,7945
india,imipenem,burkholderia cenocepacia,18437
india,imipenem,klebsiella pneumoniae,10020
india,imipenem,kocuria kristinae,5553
india,imipenem,proteus mirabilis,2067
india,imipenem,pseudomonas aeruginosa,10445
india,levofloxacin,brevundimonas vesicularis,7945
india,levofloxacin,pseudomonas aeruginosa,10445
india,levofloxacin,ralstonia pickettii,10443
india,linezolid,staphylococcus haemolyticus,"7968,13399,17169"
india,macrolides,corynebacterium macginleyi,5183
india,meropenem,brevundimonas vesicularis,7945
india,meropenem,klebsiella pneumoniae,10020
india,meropenem,kocuria kristinae,5553
india,meropenem,pseudomonas aeruginosa,10445
india,moxifloxacin,pseudomonas aeruginosa,10445
india,moxifloxacin,ralstonia pickettii,10443
india,nalidixic acid,proteus mirabilis,2067
india,nalidixic acid,salmonella enterica,13465
india,netilmicin,brevundimonas vesicularis,7945
india,nitrofurantoin,proteus mirabilis,2067
india,norfloxacin,brevundimonas vesicularis,7945
india,norfloxacin,proteus mirabilis,2067
india,ofloxacin,proteus mirabilis,2067
india,oxacillin,kocuria kristinae,5553
india,oxacillin,rothia mucilaginosa,17649
india,oxacillin,staphylococcus haemolyticus,"7968,17169"
india,penicillins,kocuria kristinae,5553
india,penicillins,staphylococcus haemolyticus,"7968,13399,17169"
india,"piperacillin, tazobactam drug combination",pseudomonas aeruginosa,10445
india,"piperacillin, tazobactam drug combination",ralstonia pickettii,10443
india,quinolones,corynebacterium macginleyi,5183
india,rifampin,staphylococcus haemolyticus,17169
india,sulbactam,brevundimonas vesicularis,7945
india,sulbactam,pseudomonas aeruginosa,10445
india,sulbactam,ralstonia pickettii,10443
india,sulfamethoxazole,kocuria kristinae,5553
india,sultamicillin,pseudomonas aeruginosa,10445
india,tetracycline,corynebacterium macginleyi,5183
india,tetracycline,proteus mirabilis,2067
india,tetracycline,pseudomonas aeruginosa,10445
india,tetracycline,rothia mucilaginosa,17649
india,ticarcillin,pseudomonas aeruginosa,10445
india,ticarcillin,ralstonia pickettii,10443
india,tigecycline,pseudomonas aeruginosa,10445
india,tobramycin,brevundimonas vesicularis,7945
india,tobramycin,klebsiella pneumoniae,10020
india,tobramycin,pseudomonas aeruginosa,10445
india,tobramycin,ralstonia pickettii,10443
india,trimethoprim,kocuria kristinae,5553
india,"trimethoprim, sulfamethoxazole drug combination",klebsiella pneumoniae,10020
india,"trimethoprim, sulfamethoxazole drug combination",proteus mirabilis,2067
india,"trimethoprim, sulfamethoxazole drug combination",pseudomonas aeruginosa,10445
india,"trimethoprim, sulfamethoxazole drug combination",ralstonia pickettii,10443
india,"trimethoprim, sulfamethoxazole drug combination",rothia mucilaginosa,17649
india,"trimethoprim, sulfamethoxazole drug combination",salmonella enterica,13465
india,"trimethoprim, sulfamethoxazole drug combination",staphylococcus haemolyticus,"7968,17169"
india,"trimethoprim, sulfamethoxazole drug combination",vibrio cholerae,13015
india,vancomycin,kocuria kristinae,5553
india,NA,NA,4578
indonesia,cefotaxime,staphylococcus aureus,7090
indonesia,cefoxitin,staphylococcus aureus,7090
indonesia,ciprofloxacin,staphylococcus aureus,7090
indonesia,gentamicins,staphylococcus aureus,7090
iran,amikacin,klebsiella pneumoniae,"18946,18947"
iran,amoxicillin,helicobacter pylori,9
iran,amoxicillin,shewanella algae,20350
iran,amoxicillin-potassium clavulanate combination,nocardia cyriacigeorgica,19196
iran,ampicillin,nocardia cyriacigeorgica,19196
iran,ampicillin,shewanella algae,20350
iran,aztreonam,klebsiella pneumoniae,"18946,18947"
iran,cefepime,klebsiella pneumoniae,"18946,18947"
iran,cefotaxime,klebsiella pneumoniae,"18946,18947"
iran,ceftazidime,klebsiella pneumoniae,"18946,18947"
iran,ceftizoxime,shewanella algae,20350
iran,cephalexin,shewanella algae,20350
iran,cephalothin,shewanella algae,20350
iran,ciprofloxacin,helicobacter pylori,9
iran,ciprofloxacin,klebsiella pneumoniae,"18946,18947"
iran,ciprofloxacin,nocardia cyriacigeorgica,19196
iran,clarithromycin,helicobacter pylori,9
iran,clarithromycin,nocardia cyriacigeorgica,19196
iran,doxycycline,shewanella algae,20350
iran,ertapenem,klebsiella pneumoniae,"18946,18947"
iran,erythromycin,helicobacter pylori,9
iran,ethambutol,mycobacterium europaeum,16837
iran,furazolidone,helicobacter pylori,9
iran,imipenem,klebsiella pneumoniae,"18946,18947"
iran,kanamycin,klebsiella pneumoniae,"18946,18947"
iran,kanamycin,nocardia cyriacigeorgica,19196
iran,meropenem,klebsiella pneumoniae,"18946,18947"
iran,metronidazole,helicobacter pylori,9
iran,penicillin g,nocardia cyriacigeorgica,19196
iran,tetracycline,helicobacter pylori,9
iran,tetracycline,shewanella algae,20350
iran,"trimethoprim, sulfamethoxazole drug combination",klebsiella pneumoniae,"18946,18947"
iran,vancomycin,shewanella algae,20350
iran,NA,NA,"18945,20373,21726"
ireland,amikacin,klebsiella pneumoniae,13548
ireland,amoxicillin-potassium clavulanate combination,aeromonas,4776
ireland,amoxicillin-potassium clavulanate combination,enterobacter asburiae,2389
ireland,amoxicillin-potassium clavulanate combination,klebsiella pneumoniae,13548
ireland,ampicillin,aeromonas,4776
ireland,ampicillin,enterobacter asburiae,2389
ireland,ampicillin,klebsiella pneumoniae,13548
ireland,aztreonam,klebsiella pneumoniae,13548
ireland,cefotaxime,aeromonas,4776
ireland,cefotaxime,klebsiella pneumoniae,13548
ireland,cefoxitin,enterobacter asburiae,2389
ireland,cefoxitin,klebsiella pneumoniae,13548
ireland,cefpodoxime,klebsiella pneumoniae,13548
ireland,ceftazidime,klebsiella pneumoniae,13548
ireland,cephradine,aeromonas,4776
ireland,ciprofloxacin,staphylococcus epidermidis,15331
ireland,clindamycin,staphylococcus epidermidis,15331
ireland,colistin,enterobacter asburiae,2389
ireland,ertapenem,enterobacter asburiae,2389
ireland,fosfomycin,enterobacter asburiae,2389
ireland,gentamicins,klebsiella pneumoniae,13548
ireland,gentamicins,staphylococcus epidermidis,15331
ireland,imipenem,enterobacter asburiae,2389
ireland,kanamycin,klebsiella pneumoniae,13548
ireland,linezolid,enterococcus faecium,15337
ireland,linezolid,staphylococcus epidermidis,15331
ireland,meropenem,enterobacter asburiae,2389
ireland,nalidixic acid,klebsiella pneumoniae,13548
ireland,oxacillin,staphylococcus epidermidis,15331
ireland,penicillins,staphylococcus epidermidis,15331
ireland,"piperacillin, tazobactam drug combination",klebsiella pneumoniae,13548
ireland,rifampin,staphylococcus epidermidis,15331
ireland,streptomycin,klebsiella pneumoniae,13548
ireland,sulfonamides,klebsiella pneumoniae,13548
ireland,trimethoprim,klebsiella pneumoniae,13548
israel,amikacin,klebsiella pneumoniae,1874
israel,carbapenems,escherichia coli,14906
israel,carbapenems,klebsiella pneumoniae,1874
israel,cephalosporins,klebsiella pneumoniae,1874
israel,imipenem,escherichia coli,14906
israel,"piperacillin, tazobactam drug combination",klebsiella pneumoniae,1874
israel,quinolones,klebsiella pneumoniae,1874
italy,amikacin,escherichia coli,4519
italy,amikacin,pseudomonas aeruginosa,3095
italy,amoxicillin-potassium clavulanate combination,citrobacter koseri,2963
italy,amoxicillin-potassium clavulanate combination,enterococcus raffinosus,18470
italy,amoxicillin-potassium clavulanate combination,escherichia coli,4519
italy,amoxicillin-potassium clavulanate combination,klebsiella oxytoca,2963
italy,amoxicillin-potassium clavulanate combination,nocardia paucivorans,14287
italy,ampicillin,citrobacter koseri,2963
italy,ampicillin,enterococcus raffinosus,18470
italy,ampicillin,escherichia coli,4519
italy,ampicillin,klebsiella oxytoca,2963
italy,ampicillin,oligella ureolytica,15760
italy,aztreonam,pseudomonas aeruginosa,3095
italy,carbapenems,enterococcus raffinosus,18470
italy,carbapenems,escherichia coli,7369
italy,cefepime,escherichia coli,4519
italy,cefepime,pseudomonas aeruginosa,3095
italy,cefotaxime,citrobacter koseri,2963
italy,cefotaxime,enterococcus raffinosus,18470
italy,cefotaxime,escherichia coli,4519
italy,cefotaxime,klebsiella oxytoca,2963
italy,cefpodoxime,citrobacter koseri,2963
italy,cefpodoxime,klebsiella oxytoca,2963
italy,ceftazidime,citrobacter koseri,2963
italy,ceftazidime,escherichia coli,4519
italy,ceftazidime,klebsiella oxytoca,2963
italy,ceftazidime,pseudomonas aeruginosa,3095
italy,ceftriaxone,listeria monocytogenes,1566
italy,ceftriaxone,oligella ureolytica,15760
italy,chloramphenicol,citrobacter koseri,2963
italy,chloramphenicol,klebsiella oxytoca,2963
italy,ciprofloxacin,enterococcus raffinosus,18470
italy,ciprofloxacin,pseudomonas aeruginosa,3095
italy,clindamycin,enterococcus raffinosus,18470
italy,clindamycin,listeria monocytogenes,1566
italy,doripenem,escherichia coli,4519
italy,ertapenem,citrobacter koseri,2963
italy,ertapenem,escherichia coli,4519
italy,ertapenem,klebsiella oxytoca,2963
italy,erythromycin,enterococcus raffinosus,18470
italy,gentamicins,citrobacter koseri,2963
italy,gentamicins,enterococcus raffinosus,18470
italy,gentamicins,klebsiella oxytoca,2963
italy,gentamicins,pseudomonas aeruginosa,3095
italy,imipenem,citrobacter koseri,2963
italy,imipenem,escherichia coli,4519
italy,imipenem,klebsiella oxytoca,2963
italy,imipenem,pseudomonas aeruginosa,3095
italy,levofloxacin,escherichia coli,4519
italy,levofloxacin,pseudomonas aeruginosa,3095
italy,meropenem,citrobacter koseri,2963
italy,meropenem,escherichia coli,4519
italy,meropenem,klebsiella oxytoca,2963
italy,meropenem,pseudomonas aeruginosa,3095
italy,penicillins,enterococcus raffinosus,18470
italy,penicillins,streptococcus constellatus,4167
italy,piperacillin,citrobacter koseri,2963
italy,piperacillin,escherichia coli,4519
italy,piperacillin,klebsiella oxytoca,2963
italy,piperacillin,pseudomonas aeruginosa,3095
italy,"piperacillin, tazobactam drug combination",citrobacter koseri,2963
italy,"piperacillin, tazobactam drug combination",enterococcus raffinosus,18470
italy,"piperacillin, tazobactam drug combination",escherichia coli,4519
italy,"piperacillin, tazobactam drug combination",klebsiella oxytoca,2963
italy,prulifloxacin,enterococcus raffinosus,18470
italy,sultamicillin,enterococcus raffinosus,18470
italy,tetracycline,citrobacter koseri,2963
italy,tetracycline,enterococcus raffinosus,18470
italy,tetracycline,klebsiella oxytoca,2963
italy,tetracycline,listeria monocytogenes,1566
italy,tetracycline,staphylococcus aureus,19568
italy,tobramycin,citrobacter koseri,2963
italy,tobramycin,klebsiella oxytoca,2963
italy,"trimethoprim, sulfamethoxazole drug combination",citrobacter koseri,2963
italy,"trimethoprim, sulfamethoxazole drug combination",enterococcus raffinosus,18470
italy,"trimethoprim, sulfamethoxazole drug combination",escherichia coli,4519
italy,"trimethoprim, sulfamethoxazole drug combination",klebsiella oxytoca,2963
italy,"trimethoprim, sulfamethoxazole drug combination",listeria monocytogenes,1566
italy,NA,NA,"1198,6655"
jamaica,NA,NA,2697
japan,amikacin,achromobacter xylosoxidans,6737
japan,amikacin,acinetobacter baumannii,14823
japan,amikacin,delftia acidovorans,10300
japan,amoxicillin,helicobacter cinaedi,21029
japan,amoxicillin-potassium clavulanate combination,nocardia mexicana,11176
japan,ampicillin,helicobacter cinaedi,21029
japan,azithromycin,neisseria gonorrhoeae,14404
japan,aztreonam,achromobacter xylosoxidans,6737
japan,aztreonam,acinetobacter baumannii,14823
japan,carbapenems,klebsiella pneumoniae,18158
japan,carbenicillin,helicobacter cinaedi,21029
japan,cefepime,achromobacter xylosoxidans,6737
japan,cefepime,helicobacter cinaedi,21029
japan,cefozopran,achromobacter xylosoxidans,6737
japan,cefozopran,delftia acidovorans,10300
japan,cefpodoxime,achromobacter xylosoxidans,6737
japan,ceftazidime,pseudomonas stutzeri,12188
japan,ceftriaxone,achromobacter xylosoxidans,6737
japan,ceftriaxone,helicobacter cinaedi,21029
japan,cephalosporins,helicobacter cinaedi,21029
japan,ciprofloxacin,achromobacter xylosoxidans,6737
japan,ciprofloxacin,acinetobacter baumannii,14823
japan,ciprofloxacin,neisseria gonorrhoeae,14404
japan,ciprofloxacin,nocardia mexicana,11176
japan,ciprofloxacin,pseudomonas stutzeri,12188
japan,clarithromycin,nocardia mexicana,11176
japan,clarithromycin,streptococcus pneumoniae,8653
japan,daptomycin,staphylococcus aureus,2418
japan,doxycycline,nocardia mexicana,11176
japan,erythromycin,staphylococcus aureus,8619
japan,erythromycin,streptococcus pneumoniae,8653
japan,flomoxef,achromobacter xylosoxidans,6737
japan,gentamicins,achromobacter xylosoxidans,6737
japan,gentamicins,delftia acidovorans,10300
japan,gentamicins,nocardia mexicana,11176
japan,gentamicins,pseudomonas stutzeri,12188
japan,gentamicins,staphylococcus aureus,2418
japan,imipenem,achromobacter xylosoxidans,6737
japan,imipenem,acinetobacter baumannii,14823
japan,imipenem,klebsiella pneumoniae,18158
japan,levofloxacin,pseudomonas stutzeri,12188
japan,meropenem,achromobacter xylosoxidans,6737
japan,meropenem,acinetobacter baumannii,14823
japan,meropenem,klebsiella pneumoniae,18158
japan,methicillin,staphylococcus aureus,2418
japan,minocycline,achromobacter xylosoxidans,6737
japan,minocycline,nocardia mexicana,11176
japan,oxacillin,staphylococcus aureus,2418
japan,penicillin g,streptococcus pneumoniae,8653
japan,penicillins,helicobacter cinaedi,21029
japan,piperacillin,delftia acidovorans,10300
japan,piperacillin,escherichia coli,14740
japan,piperacillin,helicobacter cinaedi,21029
japan,piperacillin,klebsiella pneumoniae,14740
japan,"piperacillin, tazobactam drug combination",helicobacter cinaedi,21029
japan,rifampin,staphylococcus aureus,2418
japan,tazobactam,escherichia coli,14740
japan,tazobactam,klebsiella pneumoniae,14740
japan,telithromycin,streptococcus pneumoniae,8653
japan,tobramycin,achromobacter xylosoxidans,6737
japan,tobramycin,delftia acidovorans,10300
japan,tobramycin,nocardia mexicana,11176
japan,"trimethoprim, sulfamethoxazole drug combination",nocardia mexicana,11176
japan,vancomycin,staphylococcus aureus,2418
japan,zidovudine,delftia acidovorans,10300
kenya,aminoglycosides,klebsiella pneumoniae,16726
kenya,chloramphenicol,klebsiella pneumoniae,16726
kenya,doripenem,klebsiella pneumoniae,16726
kenya,ertapenem,klebsiella pneumoniae,16726
kenya,fluoroquinolones,klebsiella pneumoniae,16726
kenya,fosfomycin,klebsiella pneumoniae,16726
kenya,imipenem,klebsiella pneumoniae,16726
kenya,meropenem,klebsiella pneumoniae,16726
kenya,nitrofurantoin,klebsiella pneumoniae,16726
kenya,rifampin,klebsiella pneumoniae,16726
kenya,sulfonamides,klebsiella pneumoniae,16726
kuwait,ampicillin,salmonella enterica,5251
kuwait,ceftazidime,salmonella enterica,5251
kuwait,ceftriaxone,salmonella enterica,5251
kuwait,cefuroxime,salmonella enterica,5251
kuwait,cephalothin,salmonella enterica,5251
kuwait,piperacillin,salmonella enterica,5251
kuwait,"trimethoprim, sulfamethoxazole drug combination",salmonella enterica,5251
lebanon,aztreonam,klebsiella pneumoniae,"4641,4642"
lebanon,cefepime,klebsiella pneumoniae,"4641,4642"
lebanon,cefotaxime,klebsiella pneumoniae,"4641,4642"
lebanon,cefoxitin,klebsiella pneumoniae,"4641,4642"
lebanon,cefpodoxime,klebsiella pneumoniae,"4641,4642"
lebanon,ceftazidime,acinetobacter baumannii,17121
lebanon,ceftazidime,acinetobacter pittii,360
lebanon,ceftazidime,klebsiella pneumoniae,"4641,4642"
lebanon,ceftriaxone,klebsiella pneumoniae,"4641,4642"
lebanon,ciprofloxacin,acinetobacter baumannii,17121
lebanon,ciprofloxacin,klebsiella pneumoniae,"4641,4642"
lebanon,clavulanic acid,klebsiella pneumoniae,"4641,4642"
lebanon,doripenem,acinetobacter baumannii,17121
lebanon,ertapenem,escherichia coli,5774
lebanon,imipenem,acinetobacter baumannii,17121
lebanon,imipenem,acinetobacter pittii,360
lebanon,imipenem,escherichia coli,5774
lebanon,imipenem,klebsiella pneumoniae,"4641,4642"
lebanon,levofloxacin,streptococcus pneumoniae,14751
lebanon,meropenem,acinetobacter baumannii,17121
lebanon,meropenem,acinetobacter pittii,360
lebanon,meropenem,escherichia coli,5774
lebanon,netilmicin,acinetobacter pittii,360
lebanon,piperacillin,klebsiella pneumoniae,"4641,4642"
lebanon,"piperacillin, tazobactam drug combination",klebsiella pneumoniae,"4641,4642"
lebanon,ticarcillin,acinetobacter pittii,360
lebanon,ticarcillin-clavulanic acid,acinetobacter pittii,360
lebanon,tobramycin,acinetobacter pittii,360
malaysia,ampicillin,enterococcus faecium,23647
malaysia,gentamicins,enterococcus faecium,23647
malaysia,vancomycin,enterococcus faecium,"16713,23647"
mxico,amoxicillin-potassium clavulanate combination,enterococcus faecium,15378
mxico,ampicillin,enterococcus faecium,15378
mxico,chloramphenicol,enterococcus faecium,15378
mxico,ciprofloxacin,enterococcus faecium,15378
mxico,clindamycin,enterococcus faecium,15378
mxico,erythromycin,enterococcus faecium,15378
mxico,gentamicins,enterococcus faecium,15378
mxico,rifampin,enterococcus faecium,15378
mxico,streptomycin,enterococcus faecium,15378
mxico,teicoplanin,enterococcus faecium,15378
mxico,vancomycin,enterococcus faecium,15378
morocco,aminoglycosides,klebsiella pneumoniae,16715
morocco,chloramphenicol,klebsiella pneumoniae,16715
morocco,ertapenem,klebsiella pneumoniae,16715
morocco,fluoroquinolones,klebsiella pneumoniae,16715
morocco,rifampin,klebsiella pneumoniae,16715
morocco,sulfonamides,klebsiella pneumoniae,16715
nepal,amikacin,providencia rettgeri,20332
nepal,ampicillin,escherichia coli,20331
nepal,arbekacin,providencia rettgeri,20332
nepal,aztreonam,escherichia coli,20331
nepal,aztreonam,providencia rettgeri,20332
nepal,cefepime,escherichia coli,20331
nepal,cefepime,providencia rettgeri,20332
nepal,cefotaxime,escherichia coli,20331
nepal,cefoxitin,escherichia coli,20331
nepal,ceftazidime,escherichia coli,20331
nepal,ceftazidime,providencia rettgeri,20332
nepal,cephradine,escherichia coli,20331
nepal,ciprofloxacin,providencia rettgeri,20332
nepal,colistin,providencia rettgeri,20332
nepal,doripenem,providencia rettgeri,20332
nepal,fosfomycin,providencia rettgeri,20332
nepal,gentamicins,providencia rettgeri,20332
nepal,imipenem,escherichia coli,20331
nepal,imipenem,providencia rettgeri,20332
nepal,meropenem,escherichia coli,20331
nepal,meropenem,providencia rettgeri,20332
nepal,penicillin g,escherichia coli,20331
nepal,piperacillin,escherichia coli,20331
nepal,piperacillin,providencia rettgeri,20332
nepal,"piperacillin, tazobactam drug combination",escherichia coli,20331
nepal,"piperacillin, tazobactam drug combination",providencia rettgeri,20332
nepal,sultamicillin,escherichia coli,20331
nepal,ticarcillin,escherichia coli,20331
nepal,ticarcillin-clavulanic acid,escherichia coli,20331
nepal,tigecycline,providencia rettgeri,20332
netherlands,cefotaxime,neisseria gonorrhoeae,21479
netherlands,ciprofloxacin,neisseria gonorrhoeae,21479
new zealand,amikacin,mycobacterium tuberculosis,7437
new zealand,capreomycin,mycobacterium tuberculosis,7437
new zealand,cefoxitin,staphylococcus saprophyticus,4379
new zealand,erythromycin,staphylococcus saprophyticus,4379
new zealand,ethionamide,mycobacterium tuberculosis,7437
new zealand,fusidic acid,staphylococcus saprophyticus,4379
new zealand,isoniazid,mycobacterium tuberculosis,7437
new zealand,methicillin,staphylococcus saprophyticus,4379
new zealand,mupirocin,staphylococcus saprophyticus,4379
new zealand,ofloxacin,mycobacterium tuberculosis,7437
new zealand,oxacillin,staphylococcus saprophyticus,4379
new zealand,penicillins,staphylococcus saprophyticus,4379
new zealand,pyrazinamide,mycobacterium tuberculosis,7437
new zealand,rifampin,mycobacterium tuberculosis,7437
new zealand,trimethoprim,staphylococcus saprophyticus,4379
new zealand,"trimethoprim, sulfamethoxazole drug combination",staphylococcus saprophyticus,4379
nigeria,ampicillin,klebsiella aerogenes,10209
nigeria,ceftazidime,klebsiella aerogenes,10209
nigeria,clavulanic acid,klebsiella aerogenes,10209
nigeria,gentamicins,klebsiella aerogenes,10209
nigeria,tobramycin,klebsiella aerogenes,10209
norway,ampicillin,salmonella enterica,8515
norway,aztreonam,klebsiella pneumoniae,18265
norway,cefepime,klebsiella pneumoniae,18265
norway,cefixime,neisseria gonorrhoeae,21348
norway,cefotaxime,klebsiella pneumoniae,18265
norway,cefotaxime,salmonella enterica,8515
norway,cefotetan,klebsiella pneumoniae,18265
norway,cefpodoxime,klebsiella pneumoniae,18265
norway,cefpodoxime,salmonella enterica,8515
norway,ceftazidime,klebsiella pneumoniae,18265
norway,ceftazidime,salmonella enterica,8515
norway,ceftiofur,salmonella enterica,8515
norway,ceftriaxone,salmonella enterica,8515
norway,ciprofloxacin,neisseria gonorrhoeae,21348
norway,clavulanic acid,klebsiella pneumoniae,18265
norway,cloxacillin,klebsiella pneumoniae,18265
norway,gentamicins,salmonella enterica,8515
norway,"piperacillin, tazobactam drug combination",klebsiella pneumoniae,18265
norway,streptomycin,salmonella enterica,8515
norway,tetracycline,salmonella enterica,8515
norway,trimethoprim,salmonella enterica,8515
pakistan,amoxicillin-potassium clavulanate combination,shigella flexneri,18438
pakistan,ampicillin,shigella flexneri,18438
pakistan,azithromycin,salmonella enterica,14233
pakistan,ceftriaxone,shigella flexneri,18438
pakistan,chloramphenicol,shigella flexneri,18438
pakistan,ofloxacin,neisseria gonorrhoeae,9456
pakistan,tetracycline,shigella flexneri,18438
palestine,amikacin,proteus mirabilis,3622
palestine,amoxicillin-potassium clavulanate combination,citrobacter freundii,267
palestine,ampicillin,citrobacter freundii,267
palestine,aztreonam,citrobacter freundii,267
palestine,cefepime,citrobacter freundii,267
palestine,cefepime,proteus mirabilis,3622
palestine,cefoperazone,citrobacter freundii,267
palestine,cefotaxime,citrobacter freundii,267
palestine,cefotaxime,proteus mirabilis,3622
palestine,cefotetan,citrobacter freundii,267
palestine,cefoxitin,citrobacter freundii,267
palestine,cefpirome,citrobacter freundii,267
palestine,cefpodoxime,citrobacter freundii,267
palestine,ceftazidime,citrobacter freundii,267
palestine,ceftriaxone,citrobacter freundii,267
palestine,cephalothin,citrobacter freundii,267
palestine,ciprofloxacin,citrobacter freundii,267
palestine,ciprofloxacin,proteus mirabilis,3622
palestine,clavulanic acid,proteus mirabilis,3622
palestine,colistin,proteus mirabilis,3622
palestine,doripenem,proteus mirabilis,3622
palestine,doxycycline,proteus mirabilis,3622
palestine,gentamicins,proteus mirabilis,3622
palestine,imipenem,proteus mirabilis,3622
palestine,levofloxacin,proteus mirabilis,3622
palestine,minocycline,proteus mirabilis,3622
palestine,nalidixic acid,citrobacter freundii,267
palestine,norfloxacin,citrobacter freundii,267
palestine,polymyxin b,proteus mirabilis,3622
palestine,streptomycin,citrobacter freundii,267
palestine,sulfamethoxazole,proteus mirabilis,3622
palestine,ticarcillin,proteus mirabilis,3622
palestine,tigecycline,proteus mirabilis,3622
palestine,tobramycin,proteus mirabilis,3622
palestine,trimethoprim,proteus mirabilis,3622
palestine,"trimethoprim, sulfamethoxazole drug combination",citrobacter freundii,267
papua new guinea,ciprofloxacin,nocardia yamanashiensis,14082
papua new guinea,ethionamide,mycobacterium tuberculosis,13592
papua new guinea,isoniazid,mycobacterium tuberculosis,13592
papua new guinea,rifampin,mycobacterium tuberculosis,13592
papua new guinea,streptomycin,mycobacterium tuberculosis,13592
papua new guinea,tobramycin,nocardia yamanashiensis,14082
philippines,amoxicillin-potassium clavulanate combination,klebsiella pneumoniae,3872
philippines,ampicillin,klebsiella pneumoniae,3872
philippines,ceftriaxone,klebsiella pneumoniae,3872
philippines,ciprofloxacin,klebsiella pneumoniae,3872
philippines,gentamicins,klebsiella pneumoniae,3872
philippines,"trimethoprim, sulfamethoxazole drug combination",klebsiella pneumoniae,3872
poland,amikacin,enterobacter cloacae,12905
poland,amikacin,escherichia coli,6375
poland,amoxicillin,escherichia coli,6375
poland,amoxicillin-potassium clavulanate combination,escherichia coli,6375
poland,aztreonam,enterobacter cloacae,12905
poland,aztreonam,escherichia coli,6375
poland,cefepime,enterobacter cloacae,12905
poland,cefepime,escherichia coli,6375
poland,cefotaxime,escherichia coli,6375
poland,ceftazidime,enterobacter cloacae,12905
poland,ceftazidime,escherichia coli,6375
poland,ciprofloxacin,enterobacter cloacae,12905
poland,ciprofloxacin,escherichia coli,6375
poland,colistin,enterobacter cloacae,12905
poland,ertapenem,escherichia coli,6375
poland,gentamicins,enterobacter cloacae,12905
poland,gentamicins,escherichia coli,6375
poland,imipenem,escherichia coli,6375
poland,meropenem,enterobacter cloacae,12905
poland,meropenem,escherichia coli,6375
poland,piperacillin,enterobacter cloacae,12905
poland,piperacillin,escherichia coli,6375
poland,"piperacillin, tazobactam drug combination",enterobacter cloacae,12905
poland,"piperacillin, tazobactam drug combination",escherichia coli,6375
poland,tetracycline,escherichia coli,6375
poland,tigecycline,enterobacter cloacae,12905
poland,tobramycin,enterobacter cloacae,12905
poland,"trimethoprim, sulfamethoxazole drug combination",enterobacter cloacae,12905
portugal,amoxicillin-potassium clavulanate combination,citrobacter freundii,6350
portugal,ampicillin,citrobacter freundii,6350
portugal,cefepime,citrobacter freundii,6350
portugal,cefotaxime,citrobacter freundii,6350
portugal,ceftazidime,citrobacter freundii,6350
portugal,floxacillin,citrobacter freundii,6350
portugal,piperacillin,citrobacter freundii,6350
portugal,"piperacillin, tazobactam drug combination",citrobacter freundii,6350
portugal,sultamicillin,citrobacter freundii,6350
portugal,teicoplanin,citrobacter freundii,6350
saudi arabia,ciprofloxacin,stenotrophomonas maltophilia,404
saudi arabia,gentamicins,stenotrophomonas maltophilia,404
saudi arabia,imipenem,stenotrophomonas maltophilia,404
saudi arabia,meropenem,stenotrophomonas maltophilia,404
saudi arabia,"trimethoprim, sulfamethoxazole drug combination",stenotrophomonas maltophilia,404
senegal,penicillins,corynebacterium aurimucosum,12403
senegal,sulfamethoxazole,corynebacterium aurimucosum,12403
senegal,trimethoprim,corynebacterium aurimucosum,12403
serbia,amikacin,escherichia coli,15268
serbia,ampicillin,escherichia coli,15268
serbia,cefepime,escherichia coli,15268
serbia,cefotaxime,escherichia coli,15268
serbia,ceftazidime,escherichia coli,15268
serbia,cefuroxime,escherichia coli,15268
serbia,gentamicins,escherichia coli,15268
serbia,imipenem,escherichia coli,15268
serbia,isoniazid,mycobacterium kansasii,5091
serbia,meropenem,escherichia coli,15268
serbia,"piperacillin, tazobactam drug combination",escherichia coli,15268
serbia,streptomycin,mycobacterium kansasii,5091
serbia,sultamicillin,escherichia coli,15268
serbia,"trimethoprim, sulfamethoxazole drug combination",escherichia coli,15268
serbia,NA,NA,9885
singapore,methicillin,staphylococcus aureus,8982
singapore,oxacillin,staphylococcus aureus,8982
slovakia,amikacin,pseudomonas aeruginosa,"11201,11202"
slovakia,aztreonam,pseudomonas aeruginosa,"11201,11202"
slovakia,cefepime,pseudomonas aeruginosa,"11201,11202"
slovakia,cefoperazone,pseudomonas aeruginosa,"11201,11202"
slovakia,cefotaxime,pseudomonas aeruginosa,"11201,11202"
slovakia,ceftazidime,pseudomonas aeruginosa,"11201,11202"
slovakia,ciprofloxacin,pseudomonas aeruginosa,"11201,11202"
slovakia,colistin,pseudomonas aeruginosa,"11201,11202"
slovakia,gentamicins,pseudomonas aeruginosa,"11201,11202"
slovakia,meropenem,pseudomonas aeruginosa,"11201,11202"
slovakia,piperacillin,pseudomonas aeruginosa,"11201,11202"
slovakia,"piperacillin, tazobactam drug combination",pseudomonas aeruginosa,"11201,11202"
slovakia,sulperazone,pseudomonas aeruginosa,"11201,11202"
slovakia,sultamicillin,pseudomonas aeruginosa,"11201,11202"
slovakia,tetracycline,pseudomonas aeruginosa,"11201,11202"
slovakia,tobramycin,pseudomonas aeruginosa,"11201,11202"
slovakia,"trimethoprim, sulfamethoxazole drug combination",pseudomonas aeruginosa,"11201,11202"
south africa,amikacin,klebsiella pneumoniae,2628
south africa,amoxicillin-potassium clavulanate combination,enterobacter asburiae,7620
south africa,amoxicillin-potassium clavulanate combination,klebsiella pneumoniae,2628
south africa,ampicillin,enterobacter asburiae,7620
south africa,cefepime,klebsiella pneumoniae,2628
south africa,cefixime,neisseria gonorrhoeae,"7904,11983"
south africa,cefoxitin,enterobacter asburiae,7620
south africa,cefoxitin,klebsiella pneumoniae,16251
south africa,cefpodoxime,neisseria gonorrhoeae,7904
south africa,ceftazidime,klebsiella pneumoniae,"2628,16251"
south africa,ceftriaxone,klebsiella pneumoniae,16251
south africa,cefuroxime,enterobacter asburiae,7620
south africa,cefuroxime axetil,enterobacter asburiae,7620
south africa,ciprofloxacin,klebsiella pneumoniae,2628
south africa,ciprofloxacin,neisseria gonorrhoeae,"7904,11983"
south africa,ertapenem,enterobacter asburiae,7620
south africa,ertapenem,klebsiella pneumoniae,"2628,16251"
south africa,imipenem,enterobacter asburiae,7620
south africa,imipenem,klebsiella pneumoniae,2628
south africa,meropenem,enterobacter asburiae,7620
south africa,meropenem,klebsiella pneumoniae,"2628,16251"
south africa,penicillins,neisseria gonorrhoeae,"7904,11983"
south africa,"piperacillin, tazobactam drug combination",enterobacter asburiae,7620
south africa,"piperacillin, tazobactam drug combination",klebsiella pneumoniae,"2628,16251"
south africa,tetracycline,neisseria gonorrhoeae,"7904,11983"
south korea,amikacin,leclercia adecarboxylata,19152
south korea,amoxicillin,streptococcus pneumoniae,10083
south korea,amoxicillin-potassium clavulanate combination,nocardia concava,11797
south korea,amoxicillin-potassium clavulanate combination,streptococcus pneumoniae,10083
south korea,ampicillin,clostridioides difficile,20339
south korea,ampicillin,klebsiella pneumoniae,10634
south korea,ampicillin,leclercia adecarboxylata,19152
south korea,aztreonam,leclercia adecarboxylata,19152
south korea,cefaclor,leclercia adecarboxylata,19152
south korea,cefazolin,leclercia adecarboxylata,19152
south korea,cefepime,klebsiella pneumoniae,10634
south korea,cefepime,nocardia concava,11797
south korea,cefixime,leclercia adecarboxylata,19152
south korea,cefoperazone,leclercia adecarboxylata,19152
south korea,cefotaxime,klebsiella pneumoniae,10634
south korea,cefotaxime,leclercia adecarboxylata,19152
south korea,cefotetan,clostridioides difficile,20339
south korea,cefoxitin,clostridioides difficile,20339
south korea,cefoxitin,klebsiella pneumoniae,10634
south korea,ceftazidime,klebsiella pneumoniae,10634
south korea,ceftriaxone,nocardia concava,11797
south korea,ceftriaxone,streptococcus pneumoniae,10083
south korea,cefuroxime,streptococcus pneumoniae,10083
south korea,cephalothin,klebsiella pneumoniae,10634
south korea,cephalothin,leclercia adecarboxylata,19152
south korea,ciprofloxacin,klebsiella pneumoniae,10634
south korea,clarithromycin,nocardia concava,11797
south korea,clarithromycin,streptococcus pneumoniae,10083
south korea,clindamycin,clostridioides difficile,20339
south korea,erythromycin,streptococcus pneumoniae,10083
south korea,gatifloxacin,streptococcus pneumoniae,10083
south korea,gentamicins,leclercia adecarboxylata,19152
south korea,imipenem,clostridioides difficile,20339
south korea,imipenem,klebsiella pneumoniae,10634
south korea,imipenem,nocardia concava,11797
south korea,levofloxacin,streptococcus pneumoniae,10083
south korea,meropenem,klebsiella pneumoniae,10634
south korea,moxifloxacin,clostridioides difficile,20339
south korea,moxifloxacin,streptococcus pneumoniae,10083
south korea,piperacillin,klebsiella pneumoniae,10634
south korea,piperacillin,leclercia adecarboxylata,19152
south korea,tetracycline,streptococcus pneumoniae,10083
south korea,tobramycin,leclercia adecarboxylata,19152
south korea,"trimethoprim, sulfamethoxazole drug combination",leclercia adecarboxylata,19152
south korea,NA,NA,281
spain,amikacin,acinetobacter baumannii,"5961,13794"
spain,amikacin,enterobacter cloacae,6314
spain,amikacin,escherichia coli,"19607,19609"
spain,amoxicillin,enterobacter cloacae,6314
spain,amoxicillin,escherichia coli,"19607,19609"
spain,amoxicillin-potassium clavulanate combination,enterobacter cloacae,6314
spain,amoxicillin-potassium clavulanate combination,escherichia coli,"19607,19609"
spain,amoxicillin-potassium clavulanate combination,staphylococcus haemolyticus,20553
spain,ampicillin,escherichia coli,16801
spain,ampicillin,staphylococcus haemolyticus,20553
spain,azithromycin,mycoplasma pneumoniae,2889
spain,aztreonam,enterobacter cloacae,6314
spain,aztreonam,escherichia coli,"16801,19607,19609"
spain,aztreonam,klebsiella pneumoniae,4489
spain,aztreonam,pseudomonas putida,21083
spain,cefazolin,staphylococcus haemolyticus,20553
spain,cefepime,acinetobacter baumannii,13794
spain,cefepime,enterobacter cloacae,6314
spain,cefepime,escherichia coli,"16801,19607,19609"
spain,cefepime,pseudomonas putida,21083
spain,cefotaxime,enterobacter cloacae,6314
spain,cefotaxime,escherichia coli,"16801,19607,19609"
spain,cefotaxime,staphylococcus haemolyticus,20553
spain,cefoxitin,escherichia coli,"16801,19607,19609"
spain,ceftazidime,acinetobacter baumannii,"5961,13794"
spain,ceftazidime,enterobacter cloacae,6314
spain,ceftazidime,escherichia coli,"16801,19607,19609"
spain,ceftazidime,pseudomonas putida,21083
spain,chloramphenicol,staphylococcus haemolyticus,20553
spain,ciprofloxacin,acinetobacter baumannii,"5961,13794"
spain,ciprofloxacin,enterobacter cloacae,6314
spain,ciprofloxacin,escherichia coli,"19607,19609"
spain,ciprofloxacin,pseudomonas putida,21083
spain,clavulanic acid,enterobacter cloacae,6314
spain,clindamycin,staphylococcus haemolyticus,20553
spain,doripenem,escherichia coli,"19607,19609"
spain,ertapenem,escherichia coli,"19607,19609"
spain,erythromycin,mycoplasma pneumoniae,2889
spain,erythromycin,staphylococcus haemolyticus,20553
spain,gentamicins,acinetobacter baumannii,"5961,13794"
spain,gentamicins,enterobacter cloacae,6314
spain,gentamicins,escherichia coli,"19607,19609"
spain,gentamicins,pseudomonas putida,21083
spain,imipenem,acinetobacter baumannii,"5961,13794"
spain,imipenem,escherichia coli,"16801,19607,19609"
spain,imipenem,klebsiella pneumoniae,4489
spain,imipenem,pseudomonas putida,21083
spain,linezolid,staphylococcus aureus,17819
spain,linezolid,staphylococcus epidermidis,18852
spain,linezolid,staphylococcus haemolyticus,20553
spain,meropenem,acinetobacter baumannii,"5961,13794"
spain,meropenem,escherichia coli,"16801,19607,19609"
spain,meropenem,klebsiella pneumoniae,4489
spain,meropenem,pseudomonas putida,21083
spain,minocycline,klebsiella pneumoniae,4489
spain,netilmicin,acinetobacter baumannii,5961
spain,oxacillin,staphylococcus epidermidis,18852
spain,oxacillin,staphylococcus haemolyticus,20553
spain,penicillins,staphylococcus haemolyticus,20553
spain,piperacillin,acinetobacter baumannii,5961
spain,piperacillin,enterobacter cloacae,6314
spain,"piperacillin, tazobactam drug combination",acinetobacter baumannii,13794
spain,"piperacillin, tazobactam drug combination",escherichia coli,"19607,19609"
spain,"piperacillin, tazobactam drug combination",pseudomonas putida,21083
spain,rifampin,staphylococcus haemolyticus,20553
spain,teicoplanin,staphylococcus epidermidis,18852
spain,tetracycline,acinetobacter baumannii,5961
spain,tetracycline,klebsiella pneumoniae,4489
spain,tobramycin,acinetobacter baumannii,13794
spain,tobramycin,enterobacter cloacae,6314
spain,tobramycin,escherichia coli,"19607,19609"
spain,tobramycin,pseudomonas putida,21083
spain,"trimethoprim, sulfamethoxazole drug combination",enterobacter cloacae,6314
spain,"trimethoprim, sulfamethoxazole drug combination",pseudomonas putida,21083
spain,"trimethoprim, sulfamethoxazole drug combination",staphylococcus haemolyticus,20553
spain,vancomycin,staphylococcus epidermidis,18852
sweden,ampicillin,klebsiella pneumoniae,23107
sweden,aztreonam,klebsiella pneumoniae,23107
sweden,cefepime,klebsiella pneumoniae,23107
sweden,cefotaxime,klebsiella pneumoniae,23107
sweden,cefoxitin,klebsiella pneumoniae,23107
sweden,ceftazidime,klebsiella pneumoniae,23107
sweden,cefuroxime,klebsiella pneumoniae,23107
sweden,cephalothin,klebsiella pneumoniae,23107
sweden,ciprofloxacin,klebsiella pneumoniae,23107
sweden,ertapenem,klebsiella pneumoniae,23107
sweden,imipenem,klebsiella pneumoniae,23107
sweden,meropenem,klebsiella pneumoniae,23107
sweden,piperacillin,klebsiella pneumoniae,23107
switzerland,methicillin,staphylococcus aureus,927
taiwan,aminoglycosides,klebsiella oxytoca,11406
taiwan,carbapenems,klebsiella oxytoca,11406
taiwan,doripenem,klebsiella oxytoca,11406
taiwan,ertapenem,klebsiella oxytoca,11406
taiwan,fosfomycin,klebsiella oxytoca,11406
taiwan,imipenem,klebsiella oxytoca,11406
taiwan,imipenem,nocardia abscessus,11413
taiwan,meropenem,klebsiella oxytoca,11406
thailand,NA,NA,10703
the netherlands,amoxicillin,actinotignum schaalii,21464
the netherlands,amoxicillin-potassium clavulanate combination,actinotignum schaalii,21464
the netherlands,ciprofloxacin,actinotignum schaalii,21464
the netherlands,trimethoprim,actinotignum schaalii,21464
trinidad and tobago,aztreonam,pseudomonas aeruginosa,345
trinidad and tobago,carbapenems,pseudomonas aeruginosa,345
trinidad and tobago,cefepime,pseudomonas aeruginosa,345
trinidad and tobago,ceftazidime,pseudomonas aeruginosa,345
trinidad and tobago,ciprofloxacin,pseudomonas aeruginosa,345
trinidad and tobago,gentamicins,pseudomonas aeruginosa,345
trinidad and tobago,"piperacillin, tazobactam drug combination",pseudomonas aeruginosa,345
tunisia,amoxicillin,morganella morganii,12887
tunisia,ampicillin,escherichia coli,3882
tunisia,aztreonam,providencia stuartii,11395
tunisia,aztreonam,pseudomonas aeruginosa,9989
tunisia,cefepime,providencia stuartii,14126
tunisia,cefepime,pseudomonas aeruginosa,9989
tunisia,cefotaxime,escherichia coli,3882
tunisia,cefotaxime,providencia stuartii,11395
tunisia,cefoxitin,morganella morganii,12887
tunisia,cefoxitin,providencia stuartii,11395
tunisia,cefpirome,escherichia coli,3882
tunisia,cefpirome,providencia stuartii,11395
tunisia,ceftazidime,escherichia coli,3882
tunisia,ceftazidime,providencia stuartii,"11395,14126"
tunisia,ceftazidime,pseudomonas aeruginosa,9989
tunisia,ceftriaxone,escherichia coli,3882
tunisia,cefuroxime,escherichia coli,3882
tunisia,cephaloridine,escherichia coli,3882
tunisia,cephalothin,escherichia coli,3882
tunisia,cephalothin,morganella morganii,12887
tunisia,chloramphenicol,escherichia coli,3882
tunisia,chloramphenicol,morganella morganii,12887
tunisia,chloramphenicol,providencia stuartii,11395
tunisia,ciprofloxacin,providencia stuartii,11395
tunisia,nalidixic acid,escherichia coli,3882
tunisia,nalidixic acid,providencia stuartii,"11395,14126"
tunisia,ofloxacin,morganella morganii,12887
tunisia,oxacillin,escherichia coli,3882
tunisia,penicillin g,escherichia coli,3882
tunisia,piperacillin,pseudomonas aeruginosa,9989
tunisia,"piperacillin, tazobactam drug combination",pseudomonas aeruginosa,9989
tunisia,streptomycin,providencia stuartii,11395
tunisia,tetracycline,escherichia coli,3882
tunisia,tetracycline,morganella morganii,12887
tunisia,tetracycline,providencia stuartii,11395
tunisia,ticarcillin,escherichia coli,3882
tunisia,ticarcillin,morganella morganii,12887
tunisia,ticarcillin,providencia stuartii,"11395,14126"
tunisia,ticarcillin,pseudomonas aeruginosa,9989
tunisia,ticarcillin-clavulanic acid,escherichia coli,3882
tunisia,ticarcillin-clavulanic acid,pseudomonas aeruginosa,9989
turkey,amikacin,acinetobacter baumannii,8591
turkey,amoxicillin-potassium clavulanate combination,raoultella terrigena,5005
turkey,ampicillin,raoultella terrigena,5005
turkey,cefepime,acinetobacter baumannii,8591
turkey,cefixime,raoultella terrigena,5005
turkey,cefoperazone,acinetobacter baumannii,8591
turkey,ceftazidime,acinetobacter baumannii,8591
turkey,ceftazidime,raoultella terrigena,5005
turkey,ceftriaxone,raoultella terrigena,5005
turkey,cefuroxime,raoultella terrigena,5005
turkey,cefuroxime axetil,raoultella terrigena,5005
turkey,ciprofloxacin,acinetobacter baumannii,8591
turkey,gentamicins,acinetobacter baumannii,8591
turkey,gentamicins,raoultella terrigena,5005
turkey,imipenem,acinetobacter baumannii,8591
turkey,levofloxacin,acinetobacter baumannii,8591
turkey,linezolid,enterococcus faecium,172
turkey,meropenem,acinetobacter baumannii,8591
turkey,netilmicin,acinetobacter baumannii,8591
turkey,piperacillin,acinetobacter baumannii,8591
turkey,sulbactam,acinetobacter baumannii,8591
turkey,sultamicillin,acinetobacter baumannii,8591
turkey,tetracycline,acinetobacter baumannii,8591
turkey,tigecycline,acinetobacter baumannii,8591
turkey,"trimethoprim, sulfamethoxazole drug combination",acinetobacter baumannii,8591
turkey,"trimethoprim, sulfamethoxazole drug combination",raoultella terrigena,5005
turkey,vancomycin,enterococcus faecium,172
united  states,vancomycin,staphylococcus aureus,3374
united arab emirates,penicillins,haemophilus influenzae,18833
united arab emirates,penicillins,klebsiella pneumoniae,18833
united kingdom,ampicillin,staphylococcus aureus,18778
united kingdom,azithromycin,neisseria gonorrhoeae,3799
united kingdom,chloramphenicol,salmonella enterica,8862
united kingdom,ciprofloxacin,salmonella enterica,8862
united kingdom,gentamicins,salmonella enterica,8862
united kingdom,kanamycin,salmonella enterica,8862
united kingdom,neomycin,salmonella enterica,8862
united kingdom,penicillins,corynebacterium diphtheriae,6454
united kingdom,rifampin,mycobacterium marinum,18818
united kingdom,streptomycin,salmonella enterica,8862
united kingdom,sulfonamides,salmonella enterica,8862
united kingdom,tetracyclines,salmonella enterica,8862
united kingdom,"trimethoprim, sulfamethoxazole drug combination",mycobacterium marinum,18818
united states,amikacin,aeromonas hydrophila,18963
united states,amikacin,chryseobacterium indologenes,5451
united states,amikacin,klebsiella pneumoniae,14130
united states,amikacin,staphylococcus aureus,6505
united states,aminoglycosides,acinetobacter baumannii,16267
united states,aminoglycosides,chryseobacterium indologenes,18940
united states,ampicillin,aeromonas hydrophila,18963
united states,ampicillin,citrobacter freundii,9126
united states,ampicillin,klebsiella pneumoniae,"9126,13376"
united states,atovaquone,babesia microti,22703
united states,azithromycin,babesia microti,22703
united states,azithromycin,neisseria gonorrhoeae,"10259,10260"
united states,aztreonam,aeromonas hydrophila,18963
united states,aztreonam,chryseobacterium indologenes,5451
united states,aztreonam,citrobacter freundii,9126
united states,aztreonam,klebsiella pneumoniae,"9126,13376,14130"
united states,aztreonam,raoultella planticola,3235
united states,aztreonam,shewanella putrefaciens,21838
united states,beta-lactams,chryseobacterium indologenes,18940
united states,carbapenems,citrobacter freundii,9126
united states,carbapenems,klebsiella pneumoniae,9126
united states,cefepime,acinetobacter baumannii,16267
united states,cefepime,aeromonas hydrophila,18963
united states,cefepime,citrobacter freundii,9126
united states,cefepime,klebsiella pneumoniae,"9126,13376,14130"
united states,cefepime,pseudomonas putida,1887
united states,cefotaxime,aeromonas hydrophila,18963
united states,cefoxitin,aeromonas hydrophila,18963
united states,cefoxitin,bacteroides fragilis,19093
united states,cefoxitin,pseudomonas putida,1887
united states,cefoxitin,serratia marcescens,17068
united states,ceftazidime,aeromonas hydrophila,18963
united states,ceftazidime,citrobacter freundii,9126
united states,ceftazidime,klebsiella pneumoniae,"9126,13376,14130"
united states,ceftazidime,pseudomonas putida,1887
united states,ceftazidime,raoultella planticola,3235
united states,ceftazidime,sphingobacterium multivorum,1495
united states,ceftriaxone,aeromonas hydrophila,18963
united states,ceftriaxone,chryseobacterium indologenes,5451
united states,ceftriaxone,klebsiella pneumoniae,14130
united states,ceftriaxone,pseudomonas putida,1887
united states,ceftriaxone,raoultella planticola,3235
united states,chloramphenicol,bacteroides fragilis,19093
united states,ciprofloxacin,acinetobacter baumannii,16267
united states,ciprofloxacin,citrobacter freundii,9126
united states,ciprofloxacin,klebsiella pneumoniae,"9126,13376,14130"
united states,ciprofloxacin,pseudomonas putida,1887
united states,ciprofloxacin,staphylococcus aureus,6505
united states,clindamycin,bacteroides fragilis,19093
united states,clindamycin,bacteroides thetaiotaomicron,18073
united states,clindamycin,staphylococcus aureus,"6505,12482,19267"
united states,daptomycin,corynebacterium striatum,13557
united states,daptomycin,staphylococcus aureus,708
united states,ertapenem,aeromonas hydrophila,18963
united states,ertapenem,bacteroides thetaiotaomicron,18073
united states,ertapenem,enterobacter cloacae,12395
united states,ertapenem,klebsiella pneumoniae,"13376,14130"
united states,ertapenem,pseudomonas putida,1887
united states,ertapenem,raoultella planticola,3235
united states,erythromycin,staphylococcus aureus,"3471,6505,12482,19267"
united states,ethambutol,mycobacterium szulgai,10081
united states,fusidic acid,staphylococcus aureus,6505
united states,gatifloxacin,ureaplasma parvum,5560
united states,gemifloxacin,ureaplasma parvum,5560
united states,gentamicins,aeromonas hydrophila,18963
united states,gentamicins,chryseobacterium indologenes,5451
united states,gentamicins,klebsiella pneumoniae,14130
united states,gentamicins,pseudomonas putida,1887
united states,gentamicins,staphylococcus aureus,"6505,19267"
united states,imipenem,bacteroides fragilis,19093
united states,imipenem,chryseobacterium indologenes,5451
united states,imipenem,enterobacter cloacae,12395
united states,imipenem,pseudomonas putida,1887
united states,imipenem,raoultella planticola,3235
united states,imipenem,serratia marcescens,17068
united states,isoniazid,mycobacterium szulgai,10081
united states,levofloxacin,pseudomonas putida,1887
united states,levofloxacin,staphylococcus aureus,19267
united states,levofloxacin,streptococcus mitis,5265
united states,levofloxacin,ureaplasma parvum,5560
united states,linezolid,staphylococcus aureus,12482
united states,linezolid,staphylococcus epidermidis,8842
united states,meropenem,bacteroides fragilis,19093
united states,meropenem,bacteroides thetaiotaomicron,18073
united states,meropenem,klebsiella pneumoniae,14130
united states,meropenem,pseudomonas putida,1887
united states,meropenem,raoultella planticola,3235
united states,methicillin,staphylococcus aureus,12482
united states,metronidazole,bacteroides fragilis,19093
united states,metronidazole,bacteroides thetaiotaomicron,18073
united states,moxifloxacin,staphylococcus aureus,6505
united states,moxifloxacin,ureaplasma parvum,5560
united states,ofloxacin,ureaplasma parvum,5560
united states,oxacillin,staphylococcus aureus,"2791,3471,6505,19267"
united states,oxacillin,staphylococcus epidermidis,8842
united states,penicillins,bacteroides fragilis,19093
united states,penicillins,staphylococcus aureus,"2791,12482,19267"
united states,"piperacillin, tazobactam drug combination",bacteroides fragilis,19093
united states,"piperacillin, tazobactam drug combination",bacteroides thetaiotaomicron,18073
united states,"piperacillin, tazobactam drug combination",chryseobacterium indologenes,18940
united states,"piperacillin, tazobactam drug combination",klebsiella pneumoniae,"13376,14130"
united states,"piperacillin, tazobactam drug combination",pseudomonas putida,1887
united states,"piperacillin, tazobactam drug combination",raoultella planticola,3235
united states,pyrazinamide,mycobacterium szulgai,10081
united states,rifampin,mycobacterium szulgai,10081
united states,rifampin,staphylococcus aureus,19267
united states,sultamicillin,acinetobacter baumannii,16267
united states,sultamicillin,bacteroides fragilis,19093
united states,sultamicillin,chryseobacterium indologenes,5451
united states,sultamicillin,citrobacter freundii,9126
united states,sultamicillin,klebsiella pneumoniae,9126
united states,t 91825,staphylococcus aureus,12482
united states,teicoplanin,staphylococcus aureus,19267
united states,tetracycline,aeromonas hydrophila,18963
united states,tetracycline,klebsiella pneumoniae,13376
united states,tetracycline,neisseria gonorrhoeae,"10259,10260"
united states,tetracycline,staphylococcus aureus,6505
united states,tigecycline,bacteroides fragilis,19093
united states,tigecycline,klebsiella pneumoniae,13376
united states,tobramycin,aeromonas hydrophila,18963
united states,tobramycin,klebsiella pneumoniae,"13376,14130"
united states,tobramycin,pseudomonas putida,1887
united states,tobramycin,staphylococcus aureus,6505
united states,"trimethoprim, sulfamethoxazole drug combination",klebsiella pneumoniae,"13376,14130"
united states,"trimethoprim, sulfamethoxazole drug combination",rhodococcus equi,11508
united states,"trimethoprim, sulfamethoxazole drug combination",sphingobacterium multivorum,1495
united states,vancomycin,enterococcus raffinosus,4581
united states,vancomycin,staphylococcus aureus,19267
united states,NA,NA,"3722,5804"
unites states,fluoroquinolones,corynebacterium macginleyi,17998
unites states,sulbenicillin,corynebacterium macginleyi,17998
uruguay,ampicillin,salmonella enterica,1288
uruguay,cefotaxime,salmonella enterica,1288
uruguay,cefoxitin,klebsiella pneumoniae,13223
uruguay,cephalothin,salmonella enterica,1288
uruguay,ciprofloxacin,klebsiella pneumoniae,13223
uruguay,colistin,klebsiella pneumoniae,13223
uruguay,gentamicins,klebsiella pneumoniae,13223
uruguay,"piperacillin, tazobactam drug combination",klebsiella pneumoniae,13223
uruguay,sultamicillin,salmonella enterica,1288
venezuela,amikacin,klebsiella pneumoniae,13129
venezuela,amoxicillin-potassium clavulanate combination,klebsiella pneumoniae,13129
venezuela,ampicillin,klebsiella pneumoniae,13129
venezuela,aztreonam,pseudomonas alcaligenes,6492
venezuela,cefepime,pseudomonas alcaligenes,6492
venezuela,cefotaxime,klebsiella pneumoniae,13129
venezuela,cefoxitin,klebsiella pneumoniae,13129
venezuela,cefpodoxime,klebsiella pneumoniae,13129
venezuela,ceftazidime,klebsiella pneumoniae,13129
venezuela,ceftazidime,pseudomonas alcaligenes,6492
venezuela,ciprofloxacin,klebsiella pneumoniae,13129
venezuela,gentamicins,klebsiella pneumoniae,13129
venezuela,gentamicins,pseudomonas alcaligenes,6492
venezuela,imipenem,klebsiella pneumoniae,13129
venezuela,meropenem,klebsiella pneumoniae,13129
venezuela,"piperacillin, tazobactam drug combination",pseudomonas alcaligenes,6492
venezuela,ticarcillin,pseudomonas alcaligenes,6492
venezuela,ticarcillin-clavulanic acid,pseudomonas alcaligenes,6492
vietnam,meropenem,escherichia coli,8711
vietnam,meropenem,klebsiella pneumoniae,8711
NA,amikacin,enterococcus raffinosus,18469
NA,amikacin,mycobacterium tuberculosis,18184
NA,amikacin,nocardia transvalensis,15902
NA,aminoglycosides,aeromonas hydrophila,7482
NA,aminoglycosides,staphylococcus capitis,2863
NA,amoxicillin-potassium clavulanate combination,enterococcus raffinosus,18469
NA,amoxicillin-potassium clavulanate combination,klebsiella pneumoniae,10323
NA,amoxicillin-potassium clavulanate combination,stenotrophomonas maltophilia,1216
NA,ampicillin,aeromonas hydrophila,7482
NA,ampicillin,cellulosimicrobium funkei,16438
NA,ampicillin,enterococcus raffinosus,18469
NA,ampicillin,stenotrophomonas maltophilia,1216
NA,azithromycin,mycobacterium septicum,137
NA,aztreonam,stenotrophomonas maltophilia,1216
NA,beta-lactams,klebsiella pneumoniae,10323
NA,carbapenems,enterobacteriaceae,3557
NA,cefazolin,aeromonas hydrophila,7482
NA,cefazolin,nocardia transvalensis,15902
NA,cefepime,stenotrophomonas maltophilia,1216
NA,cefotaxime,aeromonas hydrophila,7482
NA,cefotaxime,escherichia coli,10622
NA,cefotaxime,stenotrophomonas maltophilia,1216
NA,cefoxitin,stenotrophomonas maltophilia,1216
NA,ciprofloxacin,aeromonas hydrophila,7482
NA,ciprofloxacin,cellulosimicrobium funkei,16438
NA,ciprofloxacin,enterococcus raffinosus,18469
NA,clarithromycin,mycobacterium simiae,9669
NA,clindamycin,enterococcus raffinosus,18469
NA,daptomycin,corynebacterium jeikeium,18631
NA,daptomycin,staphylococcus aureus,21192
NA,erythromycin,cellulosimicrobium funkei,16438
NA,erythromycin,enterococcus raffinosus,18469
NA,erythromycin,mycobacterium septicum,137
NA,erythromycin,nocardia transvalensis,15902
NA,ethambutol,mycobacterium simiae,9669
NA,gentamicins,aeromonas hydrophila,7482
NA,gentamicins,enterococcus raffinosus,18469
NA,gentamicins,nocardia transvalensis,15902
NA,gentamicins,staphylococcus aureus,21192
NA,imipenem,cellulosimicrobium funkei,16438
NA,imipenem,enterococcus raffinosus,18469
NA,imipenem,stenotrophomonas maltophilia,1216
NA,isoniazid,mycobacterium tuberculosis,"10246,18184"
NA,kanamycin,mycobacterium tuberculosis,18184
NA,linezolid,mycobacterium simiae,9669
NA,meropenem,enterococcus raffinosus,18469
NA,meropenem,klebsiella pneumoniae,10323
NA,meropenem,stenotrophomonas maltophilia,1216
NA,methicillin,acinetobacter baumannii,18527
NA,methicillin,staphylococcus capitis,2863
NA,moxifloxacin,mycobacterium simiae,9669
NA,moxifloxacin,mycobacterium tuberculosis,18184
NA,netilmicin,enterococcus raffinosus,18469
NA,ofloxacin,mycobacterium tuberculosis,18184
NA,oxacillin,staphylococcus aureus,21192
NA,penicillins,cellulosimicrobium funkei,16438
NA,penicillins,enterococcus raffinosus,18469
NA,penicillins,nocardia transvalensis,15902
NA,piperacillin,aeromonas hydrophila,7482
NA,"piperacillin, tazobactam drug combination",enterococcus raffinosus,18469
NA,rifabutin,mycobacterium tuberculosis,18184
NA,rifampin,cellulosimicrobium funkei,16438
NA,rifampin,mycobacterium simiae,9669
NA,rifampin,mycobacterium tuberculosis,"10246,18184"
NA,rifampin,staphylococcus aureus,21192
NA,sultamicillin,enterococcus raffinosus,18469
NA,tetracycline,cellulosimicrobium funkei,16438
NA,tetracycline,enterococcus raffinosus,18469
NA,tobramycin,aeromonas hydrophila,7482
NA,tobramycin,enterococcus raffinosus,18469
NA,tobramycin,mycobacterium septicum,137
NA,tobramycin,nocardia transvalensis,15902
NA,"trimethoprim, sulfamethoxazole drug combination",cellulosimicrobium funkei,16438
NA,"trimethoprim, sulfamethoxazole drug combination",enterococcus raffinosus,18469
NA,"trimethoprim, sulfamethoxazole drug combination",mycobacterium simiae,9669
NA,"trimethoprim, sulfamethoxazole drug combination",stenotrophomonas maltophilia,22121
NA,vancomycin,mycobacterium septicum,137
NA,vancomycin,staphylococcus aureus,21192
NA,NA,NA,"9340,23314,1360,10335,16264,20401"
