study_id,segment,code_main,code_identifiers,code_identifiers_link,card_db,card_select_id,card_select_segment_class,card_parent_name,card_parent_id,card_ancestor_name,card_ancestor_id,card_ancestor_rank
10020,k pneumoniae,binomial (genus species),NA,NA,card_ncbi,no exact match,no exact match,NA parents,NA parents,NA ancestors,NA ancestors,1
10081,mycobacterium szulgai,binomial (genus species),NA,NA,card_ncbi,no exact match,no exact match,NA parents,NA parents,NA ancestors,NA ancestors,1
10083,streptococcus pneumoniae,binomial (genus species),NA,NA,card_ncbi,NCBITaxon:1313,primary,streptococcus,NCBITaxon:1301,bacteria,NCBITaxon:2,1
10083,streptococcus pneumoniae,binomial (genus species),NA,NA,card_ncbi,NCBITaxon:1313,primary,streptococcus,NCBITaxon:1301,streptococcus,NCBITaxon:1301,2
10209,enterobacter aerogenes,binomial (genus species),NA,NA,card_ncbi,NCBITaxon:548,primary,enterobacter,NCBITaxon:547,bacteria,NCBITaxon:2,1
10209,enterobacter aerogenes,binomial (genus species),NA,NA,card_ncbi,NCBITaxon:548,primary,enterobacter,NCBITaxon:547,enterobacter,NCBITaxon:547,2
10221,klebsiella pneumoniae,binomial (genus species),NA,NA,card_ncbi,NCBITaxon:573,primary,klebsiella,NCBITaxon:570,bacteria,NCBITaxon:2,1
10221,klebsiella pneumoniae,binomial (genus species),NA,NA,card_ncbi,NCBITaxon:573,primary,klebsiella,NCBITaxon:570,klebsiella,NCBITaxon:570,2
10248,bacteroides fragilis,binomial (genus species),NA,NA,card_ncbi,NCBITaxon:817,primary,bacteroides,NCBITaxon:816,bacteria,NCBITaxon:2,1
10248,bacteroides fragilis,binomial (genus species),NA,NA,card_ncbi,NCBITaxon:817,primary,bacteroides,NCBITaxon:816,bacteroides,NCBITaxon:816,2
10259,neisseria gonorrhoeae,binomial (genus species),NA,NA,card_ncbi,NCBITaxon:485,primary,neisseria,NCBITaxon:482,bacteria,NCBITaxon:2,1
10259,neisseria gonorrhoeae,binomial (genus species),NA,NA,card_ncbi,NCBITaxon:485,primary,neisseria,NCBITaxon:482,neisseria,NCBITaxon:482,2
10260,neisseria gonorrhoeae,binomial (genus species),NA,NA,card_ncbi,NCBITaxon:485,primary,neisseria,NCBITaxon:482,bacteria,NCBITaxon:2,1
10260,neisseria gonorrhoeae,binomial (genus species),NA,NA,card_ncbi,NCBITaxon:485,primary,neisseria,NCBITaxon:482,neisseria,NCBITaxon:482,2
10443,ralstonia pickettii,binomial (genus species),NA,NA,card_ncbi,NCBITaxon:329,primary,bacteria,NCBITaxon:2,bacteria,NCBITaxon:2,1
10445,pseudomonas aeruginosa,binomial (genus species),NA,NA,card_ncbi,NCBITaxon:287,primary,pseudomonas,NCBITaxon:286,bacteria,NCBITaxon:2,1
10445,pseudomonas aeruginosa,binomial (genus species),NA,NA,card_ncbi,NCBITaxon:287,primary,pseudomonas,NCBITaxon:286,pseudomonas,NCBITaxon:286,2
10450,k pneumoniae,binomial (genus species),NA,NA,card_ncbi,no exact match,no exact match,NA parents,NA parents,NA ancestors,NA ancestors,1
10622,escherichia coli,binomial (genus species),NA,NA,card_ncbi,NCBITaxon:562,primary,escherichia,NCBITaxon:561,bacteria,NCBITaxon:2,1
10622,escherichia coli,binomial (genus species),NA,NA,card_ncbi,NCBITaxon:562,primary,escherichia,NCBITaxon:561,escherichia,NCBITaxon:561,2
10634,klebsiella pneumoniae,binomial (genus species),NA,NA,card_ncbi,NCBITaxon:573,primary,klebsiella,NCBITaxon:570,bacteria,NCBITaxon:2,1
10634,klebsiella pneumoniae,binomial (genus species),NA,NA,card_ncbi,NCBITaxon:573,primary,klebsiella,NCBITaxon:570,klebsiella,NCBITaxon:570,2
11176,nocardia mexicana,binomial (genus species),NA,NA,card_ncbi,no exact match,no exact match,NA parents,NA parents,NA ancestors,NA ancestors,1
11201,pseudomonas aeruginosa,binomial (genus species),NA,NA,card_ncbi,NCBITaxon:287,primary,pseudomonas,NCBITaxon:286,bacteria,NCBITaxon:2,1
11201,pseudomonas aeruginosa,binomial (genus species),NA,NA,card_ncbi,NCBITaxon:287,primary,pseudomonas,NCBITaxon:286,pseudomonas,NCBITaxon:286,2
11303,morganella morganii,binomial (genus species),aa,age|binomial (genus species)|city|comorbidities|country|drug resisted|mic|outcome|resistance marker|sex|state/province/district,card_ncbi,NCBITaxon:582,primary,morganella,NCBITaxon:581,bacteria,NCBITaxon:2,1
11303,morganella morganii,binomial (genus species),aa,age|binomial (genus species)|city|comorbidities|country|drug resisted|mic|outcome|resistance marker|sex|state/province/district,card_ncbi,NCBITaxon:582,primary,morganella,NCBITaxon:581,morganella,NCBITaxon:581,2
11303,providencia rettgeri,binomial (genus species),bb,age|binomial (genus species)|comorbidities|country|drug resisted|place traveled to|resistance marker|sex|state/province/district|symptoms/disease,card_ncbi,NCBITaxon:587,primary,providencia,NCBITaxon:586,bacteria,NCBITaxon:2,1
11303,providencia rettgeri,binomial (genus species),bb,age|binomial (genus species)|comorbidities|country|drug resisted|place traveled to|resistance marker|sex|state/province/district|symptoms/disease,card_ncbi,NCBITaxon:587,primary,providencia,NCBITaxon:586,providencia,NCBITaxon:586,2
11384,escherichia fergusonii,binomial (genus species),NA,NA,card_ncbi,no exact match,no exact match,NA parents,NA parents,NA ancestors,NA ancestors,1
11395,providencia stuartii,binomial (genus species),NA,NA,card_ncbi,NCBITaxon:588,primary,providencia,NCBITaxon:586,bacteria,NCBITaxon:2,1
11395,providencia stuartii,binomial (genus species),NA,NA,card_ncbi,NCBITaxon:588,primary,providencia,NCBITaxon:586,providencia,NCBITaxon:586,2
11406,klebsiella oxytoca,binomial (genus species),NA,NA,card_ncbi,NCBITaxon:571,primary,klebsiella,NCBITaxon:570,bacteria,NCBITaxon:2,1
11406,klebsiella oxytoca,binomial (genus species),NA,NA,card_ncbi,NCBITaxon:571,primary,klebsiella,NCBITaxon:570,klebsiella,NCBITaxon:570,2
11413,nocardia abscessus,binomial (genus species),NA,NA,card_ncbi,no exact match,no exact match,NA parents,NA parents,NA ancestors,NA ancestors,1
11508,rhodococcus equi,binomial (genus species),NA,NA,card_ncbi,NCBITaxon:43767,primary,rhodococcus,NCBITaxon:1827,bacteria,NCBITaxon:2,1
11508,rhodococcus equi,binomial (genus species),NA,NA,card_ncbi,NCBITaxon:43767,primary,rhodococcus,NCBITaxon:1827,rhodococcus,NCBITaxon:1827,2
1151,mycobacterium tuberculosis,binomial (genus species),NA,NA,card_ncbi,NCBITaxon:1773,primary,mycobacterium,NCBITaxon:1763,bacteria,NCBITaxon:2,1
1151,mycobacterium tuberculosis,binomial (genus species),NA,NA,card_ncbi,NCBITaxon:1773,primary,mycobacterium,NCBITaxon:1763,mycobacterium,NCBITaxon:1763,2
11510,cupriavidus metallidurans,binomial (genus species),NA,NA,card_ncbi,no exact match,no exact match,NA parents,NA parents,NA ancestors,NA ancestors,1
11797,nocardia concava,binomial (genus species),NA,NA,card_ncbi,no exact match,no exact match,NA parents,NA parents,NA ancestors,NA ancestors,1
11983,neisseria gonorrhoeae,binomial (genus species),NA,NA,card_ncbi,NCBITaxon:485,primary,neisseria,NCBITaxon:482,bacteria,NCBITaxon:2,1
11983,neisseria gonorrhoeae,binomial (genus species),NA,NA,card_ncbi,NCBITaxon:485,primary,neisseria,NCBITaxon:482,neisseria,NCBITaxon:482,2
12065,escherichia coli,binomial (genus species),NA,NA,card_ncbi,NCBITaxon:562,primary,escherichia,NCBITaxon:561,bacteria,NCBITaxon:2,1
12065,escherichia coli,binomial (genus species),NA,NA,card_ncbi,NCBITaxon:562,primary,escherichia,NCBITaxon:561,escherichia,NCBITaxon:561,2
12344,escherichia coli,binomial (genus species),NA,NA,card_ncbi,NCBITaxon:562,primary,escherichia,NCBITaxon:561,bacteria,NCBITaxon:2,1
12344,escherichia coli,binomial (genus species),NA,NA,card_ncbi,NCBITaxon:562,primary,escherichia,NCBITaxon:561,escherichia,NCBITaxon:561,2
12359,escherichia coli,binomial (genus species),NA,NA,card_ncbi,NCBITaxon:562,primary,escherichia,NCBITaxon:561,bacteria,NCBITaxon:2,1
12359,escherichia coli,binomial (genus species),NA,NA,card_ncbi,NCBITaxon:562,primary,escherichia,NCBITaxon:561,escherichia,NCBITaxon:561,2
12403,c aurimucosum,binomial (genus species),NA,NA,card_ncbi,no exact match,no exact match,NA parents,NA parents,NA ancestors,NA ancestors,1
12482,staphylococcus aureus,binomial (genus species),NA,NA,card_ncbi,NCBITaxon:1280,primary,staphylococcus,NCBITaxon:1279,bacteria,NCBITaxon:2,1
12482,staphylococcus aureus,binomial (genus species),NA,NA,card_ncbi,NCBITaxon:1280,primary,staphylococcus,NCBITaxon:1279,staphylococcus,NCBITaxon:1279,2
1288,salmonella enterica,binomial (genus species),NA,NA,card_ncbi,NCBITaxon:28901,primary,salmonella,NCBITaxon:590,bacteria,NCBITaxon:2,1
1288,salmonella enterica,binomial (genus species),NA,NA,card_ncbi,NCBITaxon:28901,primary,salmonella,NCBITaxon:590,salmonella,NCBITaxon:590,2
12887,morganella morganii,binomial (genus species),NA,NA,card_ncbi,NCBITaxon:582,primary,morganella,NCBITaxon:581,bacteria,NCBITaxon:2,1
12887,morganella morganii,binomial (genus species),NA,NA,card_ncbi,NCBITaxon:582,primary,morganella,NCBITaxon:581,morganella,NCBITaxon:581,2
12905,enterobacter cloacae,binomial (genus species),NA,NA,card_ncbi,NCBITaxon:550,primary,enterobacter,NCBITaxon:547,bacteria,NCBITaxon:2,1
12905,enterobacter cloacae,binomial (genus species),NA,NA,card_ncbi,NCBITaxon:550,primary,enterobacter,NCBITaxon:547,enterobacter,NCBITaxon:547,2
13015,vibrio cholerae,binomial (genus species),NA,NA,card_ncbi,NCBITaxon:666,primary,vibrio,NCBITaxon:662,bacteria,NCBITaxon:2,1
13015,vibrio cholerae,binomial (genus species),NA,NA,card_ncbi,NCBITaxon:666,primary,vibrio,NCBITaxon:662,vibrio,NCBITaxon:662,2
13129,klebsiella pneumoniae,binomial (genus species),NA,NA,card_ncbi,NCBITaxon:573,primary,klebsiella,NCBITaxon:570,bacteria,NCBITaxon:2,1
13129,klebsiella pneumoniae,binomial (genus species),NA,NA,card_ncbi,NCBITaxon:573,primary,klebsiella,NCBITaxon:570,klebsiella,NCBITaxon:570,2
13223,klebsiella pneumoniae,binomial (genus species),NA,NA,card_ncbi,NCBITaxon:573,primary,klebsiella,NCBITaxon:570,bacteria,NCBITaxon:2,1
13223,klebsiella pneumoniae,binomial (genus species),NA,NA,card_ncbi,NCBITaxon:573,primary,klebsiella,NCBITaxon:570,klebsiella,NCBITaxon:570,2
13308,rahnella aquatilis,binomial (genus species),NA,NA,card_ncbi,no exact match,no exact match,NA parents,NA parents,NA ancestors,NA ancestors,1
13370,pseudomonas aeruginosa,binomial (genus species),NA,NA,card_ncbi,NCBITaxon:287,primary,pseudomonas,NCBITaxon:286,bacteria,NCBITaxon:2,1
13370,pseudomonas aeruginosa,binomial (genus species),NA,NA,card_ncbi,NCBITaxon:287,primary,pseudomonas,NCBITaxon:286,pseudomonas,NCBITaxon:286,2
13376,klebsiella pneumoniae,binomial (genus species),NA,NA,card_ncbi,NCBITaxon:573,primary,klebsiella,NCBITaxon:570,bacteria,NCBITaxon:2,1
13376,klebsiella pneumoniae,binomial (genus species),NA,NA,card_ncbi,NCBITaxon:573,primary,klebsiella,NCBITaxon:570,klebsiella,NCBITaxon:570,2
13399,staphylococcus haemolyticus,binomial (genus species),NA,NA,card_ncbi,NCBITaxon:1283,primary,staphylococcus,NCBITaxon:1279,bacteria,NCBITaxon:2,1
13399,staphylococcus haemolyticus,binomial (genus species),NA,NA,card_ncbi,NCBITaxon:1283,primary,staphylococcus,NCBITaxon:1279,staphylococcus,NCBITaxon:1279,2
13465,salmonella enterica,binomial (genus species),NA,NA,card_ncbi,NCBITaxon:28901,primary,salmonella,NCBITaxon:590,bacteria,NCBITaxon:2,1
13465,salmonella enterica,binomial (genus species),NA,NA,card_ncbi,NCBITaxon:28901,primary,salmonella,NCBITaxon:590,salmonella,NCBITaxon:590,2
13548,klebsiella pneumoniae,binomial (genus species),NA,NA,card_ncbi,NCBITaxon:573,primary,klebsiella,NCBITaxon:570,bacteria,NCBITaxon:2,1
13548,klebsiella pneumoniae,binomial (genus species),NA,NA,card_ncbi,NCBITaxon:573,primary,klebsiella,NCBITaxon:570,klebsiella,NCBITaxon:570,2
13557,corynebacterium striatum,binomial (genus species),NA,NA,card_ncbi,NCBITaxon:43770,primary,corynebacterium,NCBITaxon:1716,bacteria,NCBITaxon:2,1
13557,corynebacterium striatum,binomial (genus species),NA,NA,card_ncbi,NCBITaxon:43770,primary,corynebacterium,NCBITaxon:1716,corynebacterium,NCBITaxon:1716,2
13592,mycobacterium tuberculosis,binomial (genus species),NA,NA,card_ncbi,NCBITaxon:1773,primary,mycobacterium,NCBITaxon:1763,bacteria,NCBITaxon:2,1
13592,mycobacterium tuberculosis,binomial (genus species),NA,NA,card_ncbi,NCBITaxon:1773,primary,mycobacterium,NCBITaxon:1763,mycobacterium,NCBITaxon:1763,2
137,mycobacterium septicum,binomial (genus species),NA,NA,card_ncbi,no exact match,no exact match,NA parents,NA parents,NA ancestors,NA ancestors,1
13741,sphingobacterium multivorum,binomial (genus species),NA,NA,card_ncbi,no exact match,no exact match,NA parents,NA parents,NA ancestors,NA ancestors,1
13772,brevundimonas diminuta,binomial (genus species),a,binomial (genus species)|drug resisted,card_ncbi,no exact match,no exact match,NA parents,NA parents,NA ancestors,NA ancestors,1
13772,ochrobactrum anthropi,binomial (genus species),b,binomial (genus species)|drug resisted,card_ncbi,NCBITaxon:529,primary,bacteria,NCBITaxon:2,bacteria,NCBITaxon:2,1
13794,acinetobacter baumannii,binomial (genus species),NA,NA,card_ncbi,NCBITaxon:470,primary,acinetobacter,NCBITaxon:469,bacteria,NCBITaxon:2,1
13794,acinetobacter baumannii,binomial (genus species),NA,NA,card_ncbi,NCBITaxon:470,primary,acinetobacter,NCBITaxon:469,acinetobacter,NCBITaxon:469,2
13804,enterococcus gallinarum,binomial (genus species),NA,NA,card_ncbi,NCBITaxon:1353,primary,enterococcus,NCBITaxon:1350,bacteria,NCBITaxon:2,1
13804,enterococcus gallinarum,binomial (genus species),NA,NA,card_ncbi,NCBITaxon:1353,primary,enterococcus,NCBITaxon:1350,enterococcus,NCBITaxon:1350,2
13994,corynebacterium diphtheriae,binomial (genus species),NA,NA,card_ncbi,NCBITaxon:1717,primary,corynebacterium,NCBITaxon:1716,bacteria,NCBITaxon:2,1
13994,corynebacterium diphtheriae,binomial (genus species),NA,NA,card_ncbi,NCBITaxon:1717,primary,corynebacterium,NCBITaxon:1716,corynebacterium,NCBITaxon:1716,2
14082,nocardia yamanashiensis,binomial (genus species),NA,NA,card_ncbi,no exact match,no exact match,NA parents,NA parents,NA ancestors,NA ancestors,1
14126,providencia stuartii,binomial (genus species),NA,NA,card_ncbi,NCBITaxon:588,primary,providencia,NCBITaxon:586,bacteria,NCBITaxon:2,1
14126,providencia stuartii,binomial (genus species),NA,NA,card_ncbi,NCBITaxon:588,primary,providencia,NCBITaxon:586,providencia,NCBITaxon:586,2
14130,klebsiella pneumoniae,binomial (genus species),NA,NA,card_ncbi,NCBITaxon:573,primary,klebsiella,NCBITaxon:570,bacteria,NCBITaxon:2,1
14130,klebsiella pneumoniae,binomial (genus species),NA,NA,card_ncbi,NCBITaxon:573,primary,klebsiella,NCBITaxon:570,klebsiella,NCBITaxon:570,2
14233,salmonella enterica,binomial (genus species),NA,NA,card_ncbi,NCBITaxon:28901,primary,salmonella,NCBITaxon:590,bacteria,NCBITaxon:2,1
14233,salmonella enterica,binomial (genus species),NA,NA,card_ncbi,NCBITaxon:28901,primary,salmonella,NCBITaxon:590,salmonella,NCBITaxon:590,2
14287,nocardia paucivorans,binomial (genus species),NA,NA,card_ncbi,no exact match,no exact match,NA parents,NA parents,NA ancestors,NA ancestors,1
14404,neisseria gonorrhoeae,binomial (genus species),NA,NA,card_ncbi,NCBITaxon:485,primary,neisseria,NCBITaxon:482,bacteria,NCBITaxon:2,1
14404,neisseria gonorrhoeae,binomial (genus species),NA,NA,card_ncbi,NCBITaxon:485,primary,neisseria,NCBITaxon:482,neisseria,NCBITaxon:482,2
14571,k pneumoniae,binomial (genus species),NA,NA,card_ncbi,no exact match,no exact match,NA parents,NA parents,NA ancestors,NA ancestors,1
14616,mycobacterium tuberculosis,binomial (genus species),NA,NA,card_ncbi,NCBITaxon:1773,primary,mycobacterium,NCBITaxon:1763,bacteria,NCBITaxon:2,1
14616,mycobacterium tuberculosis,binomial (genus species),NA,NA,card_ncbi,NCBITaxon:1773,primary,mycobacterium,NCBITaxon:1763,mycobacterium,NCBITaxon:1763,2
14740,k pneumoniae,binomial (genus species),NA,NA,card_ncbi,no exact match,no exact match,NA parents,NA parents,NA ancestors,NA ancestors,1
14740,escherichia coli,binomial (genus species),NA,NA,card_ncbi,NCBITaxon:562,primary,escherichia,NCBITaxon:561,bacteria,NCBITaxon:2,1
14740,escherichia coli,binomial (genus species),NA,NA,card_ncbi,NCBITaxon:562,primary,escherichia,NCBITaxon:561,escherichia,NCBITaxon:561,2
14751,streptococcus pneumoniae,binomial (genus species),NA,NA,card_ncbi,NCBITaxon:1313,primary,streptococcus,NCBITaxon:1301,bacteria,NCBITaxon:2,1
14751,streptococcus pneumoniae,binomial (genus species),NA,NA,card_ncbi,NCBITaxon:1313,primary,streptococcus,NCBITaxon:1301,streptococcus,NCBITaxon:1301,2
14823,acinetobacter baumannii,binomial (genus species),NA,NA,card_ncbi,NCBITaxon:470,primary,acinetobacter,NCBITaxon:469,bacteria,NCBITaxon:2,1
14823,acinetobacter baumannii,binomial (genus species),NA,NA,card_ncbi,NCBITaxon:470,primary,acinetobacter,NCBITaxon:469,acinetobacter,NCBITaxon:469,2
14906,escherichia coli,binomial (genus species),NA,NA,card_ncbi,NCBITaxon:562,primary,escherichia,NCBITaxon:561,bacteria,NCBITaxon:2,1
14906,escherichia coli,binomial (genus species),NA,NA,card_ncbi,NCBITaxon:562,primary,escherichia,NCBITaxon:561,escherichia,NCBITaxon:561,2
1495,sphingobacterium multivorum,binomial (genus species),NA,NA,card_ncbi,no exact match,no exact match,NA parents,NA parents,NA ancestors,NA ancestors,1
15,f hominis,binomial (genus species),NA,NA,card_ncbi,no exact match,no exact match,NA parents,NA parents,NA ancestors,NA ancestors,1
15256,enterobacter cloacae,binomial (genus species),NA,NA,card_ncbi,NCBITaxon:550,primary,enterobacter,NCBITaxon:547,bacteria,NCBITaxon:2,1
15256,enterobacter cloacae,binomial (genus species),NA,NA,card_ncbi,NCBITaxon:550,primary,enterobacter,NCBITaxon:547,enterobacter,NCBITaxon:547,2
15268,escherichia coli,binomial (genus species),NA,NA,card_ncbi,NCBITaxon:562,primary,escherichia,NCBITaxon:561,bacteria,NCBITaxon:2,1
15268,escherichia coli,binomial (genus species),NA,NA,card_ncbi,NCBITaxon:562,primary,escherichia,NCBITaxon:561,escherichia,NCBITaxon:561,2
15331,staphylococcus epidermidis,binomial (genus species),NA,NA,card_ncbi,NCBITaxon:1282,primary,staphylococcus,NCBITaxon:1279,bacteria,NCBITaxon:2,1
15331,staphylococcus epidermidis,binomial (genus species),NA,NA,card_ncbi,NCBITaxon:1282,primary,staphylococcus,NCBITaxon:1279,staphylococcus,NCBITaxon:1279,2
15337,enterococcus faecium,binomial (genus species),NA,NA,card_ncbi,NCBITaxon:1352,primary,enterococcus,NCBITaxon:1350,bacteria,NCBITaxon:2,1
15337,enterococcus faecium,binomial (genus species),NA,NA,card_ncbi,NCBITaxon:1352,primary,enterococcus,NCBITaxon:1350,enterococcus,NCBITaxon:1350,2
15378,enterococcus faecium,binomial (genus species),NA,NA,card_ncbi,NCBITaxon:1352,primary,enterococcus,NCBITaxon:1350,bacteria,NCBITaxon:2,1
15378,enterococcus faecium,binomial (genus species),NA,NA,card_ncbi,NCBITaxon:1352,primary,enterococcus,NCBITaxon:1350,enterococcus,NCBITaxon:1350,2
15475,salmonella enterica,binomial (genus species),NA,NA,card_ncbi,NCBITaxon:28901,primary,salmonella,NCBITaxon:590,bacteria,NCBITaxon:2,1
15475,salmonella enterica,binomial (genus species),NA,NA,card_ncbi,NCBITaxon:28901,primary,salmonella,NCBITaxon:590,salmonella,NCBITaxon:590,2
15632,klebsiella pneumoniae,binomial (genus species),NA,NA,card_ncbi,NCBITaxon:573,primary,klebsiella,NCBITaxon:570,bacteria,NCBITaxon:2,1
15632,klebsiella pneumoniae,binomial (genus species),NA,NA,card_ncbi,NCBITaxon:573,primary,klebsiella,NCBITaxon:570,klebsiella,NCBITaxon:570,2
15654,bacteroides stercoris,binomial (genus species),NA,NA,card_ncbi,no exact match,no exact match,NA parents,NA parents,NA ancestors,NA ancestors,1
1566,listeria monocytogenes,binomial (genus species),NA,NA,card_ncbi,NCBITaxon:1639,primary,listeria,NCBITaxon:1637,bacteria,NCBITaxon:2,1
1566,listeria monocytogenes,binomial (genus species),NA,NA,card_ncbi,NCBITaxon:1639,primary,listeria,NCBITaxon:1637,listeria,NCBITaxon:1637,2
15936,e coli,binomial (genus species),NA,NA,card_ncbi,no exact match,no exact match,NA parents,NA parents,NA ancestors,NA ancestors,1
15946,neisseria lactamica,binomial (genus species),NA,NA,card_ncbi,no exact match,no exact match,NA parents,NA parents,NA ancestors,NA ancestors,1
16248,enterobacteriaceae,binomial (genus species),NA,NA,card_ncbi,NCBITaxon:543,primary,bacteria,NCBITaxon:2,bacteria,NCBITaxon:2,1
16251,klebsiella pneumoniae,binomial (genus species),NA,NA,card_ncbi,NCBITaxon:573,primary,klebsiella,NCBITaxon:570,bacteria,NCBITaxon:2,1
16251,klebsiella pneumoniae,binomial (genus species),NA,NA,card_ncbi,NCBITaxon:573,primary,klebsiella,NCBITaxon:570,klebsiella,NCBITaxon:570,2
16267,a baumannii,binomial (genus species),NA,NA,card_ncbi,no exact match,no exact match,NA parents,NA parents,NA ancestors,NA ancestors,1
16438,cellulosimicrobium funkei,binomial (genus species),NA,NA,card_ncbi,no exact match,no exact match,NA parents,NA parents,NA ancestors,NA ancestors,1
16584,acinetobacter baumannii,binomial (genus species),NA,NA,card_ncbi,NCBITaxon:470,primary,acinetobacter,NCBITaxon:469,bacteria,NCBITaxon:2,1
16584,acinetobacter baumannii,binomial (genus species),NA,NA,card_ncbi,NCBITaxon:470,primary,acinetobacter,NCBITaxon:469,acinetobacter,NCBITaxon:469,2
16713,enterococcus faecium,binomial (genus species),NA,NA,card_ncbi,NCBITaxon:1352,primary,enterococcus,NCBITaxon:1350,bacteria,NCBITaxon:2,1
16713,enterococcus faecium,binomial (genus species),NA,NA,card_ncbi,NCBITaxon:1352,primary,enterococcus,NCBITaxon:1350,enterococcus,NCBITaxon:1350,2
16726,klebsiella pneumoniae,binomial (genus species),NA,NA,card_ncbi,NCBITaxon:573,primary,klebsiella,NCBITaxon:570,bacteria,NCBITaxon:2,1
16726,klebsiella pneumoniae,binomial (genus species),NA,NA,card_ncbi,NCBITaxon:573,primary,klebsiella,NCBITaxon:570,klebsiella,NCBITaxon:570,2
16801,escherichia coli,binomial (genus species),NA,NA,card_ncbi,NCBITaxon:562,primary,escherichia,NCBITaxon:561,bacteria,NCBITaxon:2,1
16801,escherichia coli,binomial (genus species),NA,NA,card_ncbi,NCBITaxon:562,primary,escherichia,NCBITaxon:561,escherichia,NCBITaxon:561,2
16837,mycobacterium europaeum,binomial (genus species),NA,NA,card_ncbi,no exact match,no exact match,NA parents,NA parents,NA ancestors,NA ancestors,1
17068,s marcescens,binomial (genus species),NA,NA,card_ncbi,no exact match,no exact match,NA parents,NA parents,NA ancestors,NA ancestors,1
17121,acinetobacter baumannii,binomial (genus species),NA,NA,card_ncbi,NCBITaxon:470,primary,acinetobacter,NCBITaxon:469,bacteria,NCBITaxon:2,1
17121,acinetobacter baumannii,binomial (genus species),NA,NA,card_ncbi,NCBITaxon:470,primary,acinetobacter,NCBITaxon:469,acinetobacter,NCBITaxon:469,2
17169,staphylococcus haemolyticus,binomial (genus species),NA,NA,card_ncbi,NCBITaxon:1283,primary,staphylococcus,NCBITaxon:1279,bacteria,NCBITaxon:2,1
17169,staphylococcus haemolyticus,binomial (genus species),NA,NA,card_ncbi,NCBITaxon:1283,primary,staphylococcus,NCBITaxon:1279,staphylococcus,NCBITaxon:1279,2
172,enterococcus faecium,binomial (genus species),NA,NA,card_ncbi,NCBITaxon:1352,primary,enterococcus,NCBITaxon:1350,bacteria,NCBITaxon:2,1
172,enterococcus faecium,binomial (genus species),NA,NA,card_ncbi,NCBITaxon:1352,primary,enterococcus,NCBITaxon:1350,enterococcus,NCBITaxon:1350,2
17611,clostridioides difficile,binomial (genus species),NA,NA,card_ncbi,no exact match,no exact match,NA parents,NA parents,NA ancestors,NA ancestors,1
17649,stomatococcus mucilaginosus,binomial (genus species),NA,NA,card_ncbi,no exact match,no exact match,NA parents,NA parents,NA ancestors,NA ancestors,1
17819,staphylococcus aureus,binomial (genus species),NA,NA,card_ncbi,NCBITaxon:1280,primary,staphylococcus,NCBITaxon:1279,bacteria,NCBITaxon:2,1
17819,staphylococcus aureus,binomial (genus species),NA,NA,card_ncbi,NCBITaxon:1280,primary,staphylococcus,NCBITaxon:1279,staphylococcus,NCBITaxon:1279,2
1786,klebsiella pneumoniae,binomial (genus species),NA,NA,card_ncbi,NCBITaxon:573,primary,klebsiella,NCBITaxon:570,bacteria,NCBITaxon:2,1
1786,klebsiella pneumoniae,binomial (genus species),NA,NA,card_ncbi,NCBITaxon:573,primary,klebsiella,NCBITaxon:570,klebsiella,NCBITaxon:570,2
17942,s aureus,binomial (genus species),NA,NA,card_ncbi,no exact match,no exact match,NA parents,NA parents,NA ancestors,NA ancestors,1
17998,corynebacterium macginleyi,binomial (genus species),NA,NA,card_ncbi,no exact match,no exact match,NA parents,NA parents,NA ancestors,NA ancestors,1
1806,burkholderia pseudomallei,binomial (genus species),NA,NA,card_ncbi,NCBITaxon:28450,primary,burkholderia,NCBITaxon:32008,bacteria,NCBITaxon:2,1
1806,burkholderia pseudomallei,binomial (genus species),NA,NA,card_ncbi,NCBITaxon:28450,primary,burkholderia,NCBITaxon:32008,burkholderia,NCBITaxon:32008,2
18073,bacteroides thetaiotaomicron,binomial (genus species),NA,NA,card_ncbi,NCBITaxon:818,primary,bacteroides,NCBITaxon:816,bacteria,NCBITaxon:2,1
18073,bacteroides thetaiotaomicron,binomial (genus species),NA,NA,card_ncbi,NCBITaxon:818,primary,bacteroides,NCBITaxon:816,bacteroides,NCBITaxon:816,2
18158,klebsiella pneumoniae,binomial (genus species),NA,NA,card_ncbi,NCBITaxon:573,primary,klebsiella,NCBITaxon:570,bacteria,NCBITaxon:2,1
18158,klebsiella pneumoniae,binomial (genus species),NA,NA,card_ncbi,NCBITaxon:573,primary,klebsiella,NCBITaxon:570,klebsiella,NCBITaxon:570,2
18184,mycobacterium tuberculosis,binomial (genus species),NA,NA,card_ncbi,NCBITaxon:1773,primary,mycobacterium,NCBITaxon:1763,bacteria,NCBITaxon:2,1
18184,mycobacterium tuberculosis,binomial (genus species),NA,NA,card_ncbi,NCBITaxon:1773,primary,mycobacterium,NCBITaxon:1763,mycobacterium,NCBITaxon:1763,2
18265,klebsiella pneumoniae,binomial (genus species),NA,NA,card_ncbi,NCBITaxon:573,primary,klebsiella,NCBITaxon:570,bacteria,NCBITaxon:2,1
18265,klebsiella pneumoniae,binomial (genus species),NA,NA,card_ncbi,NCBITaxon:573,primary,klebsiella,NCBITaxon:570,klebsiella,NCBITaxon:570,2
183,escherichia coli,binomial (genus species),NA,NA,card_ncbi,NCBITaxon:562,primary,escherichia,NCBITaxon:561,bacteria,NCBITaxon:2,1
183,escherichia coli,binomial (genus species),NA,NA,card_ncbi,NCBITaxon:562,primary,escherichia,NCBITaxon:561,escherichia,NCBITaxon:561,2
18418,escherichia coli,binomial (genus species),NA,NA,card_ncbi,NCBITaxon:562,primary,escherichia,NCBITaxon:561,bacteria,NCBITaxon:2,1
18418,escherichia coli,binomial (genus species),NA,NA,card_ncbi,NCBITaxon:562,primary,escherichia,NCBITaxon:561,escherichia,NCBITaxon:561,2
18437,b cenocepacia,binomial (genus species),NA,NA,card_ncbi,no exact match,no exact match,NA parents,NA parents,NA ancestors,NA ancestors,1
18438,shigella flexneri,binomial (genus species),NA,NA,card_ncbi,NCBITaxon:623,primary,shigella,NCBITaxon:620,bacteria,NCBITaxon:2,1
18438,shigella flexneri,binomial (genus species),NA,NA,card_ncbi,NCBITaxon:623,primary,shigella,NCBITaxon:620,shigella,NCBITaxon:620,2
18470,enterococcus raffinosus,binomial (genus species),NA,NA,card_ncbi,no exact match,no exact match,NA parents,NA parents,NA ancestors,NA ancestors,1
18631,corynebacterium jeikeium,binomial (genus species),NA,NA,card_ncbi,no exact match,no exact match,NA parents,NA parents,NA ancestors,NA ancestors,1
18674,acinetobacter,binomial (genus species),NA,NA,card_ncbi,NCBITaxon:469,primary,bacteria,NCBITaxon:2,bacteria,NCBITaxon:2,1
1874,k pneumoniae,binomial (genus species),NA,NA,card_ncbi,no exact match,no exact match,NA parents,NA parents,NA ancestors,NA ancestors,1
18778,staphylococcus aureus,binomial (genus species),NA,NA,card_ncbi,NCBITaxon:1280,primary,staphylococcus,NCBITaxon:1279,bacteria,NCBITaxon:2,1
18778,staphylococcus aureus,binomial (genus species),NA,NA,card_ncbi,NCBITaxon:1280,primary,staphylococcus,NCBITaxon:1279,staphylococcus,NCBITaxon:1279,2
18818,mycobacterium marinum,binomial (genus species),NA,NA,card_ncbi,no exact match,no exact match,NA parents,NA parents,NA ancestors,NA ancestors,1
18852,staphylococcus epidermidis,binomial (genus species),NA,NA,card_ncbi,NCBITaxon:1282,primary,staphylococcus,NCBITaxon:1279,bacteria,NCBITaxon:2,1
18852,staphylococcus epidermidis,binomial (genus species),NA,NA,card_ncbi,NCBITaxon:1282,primary,staphylococcus,NCBITaxon:1279,staphylococcus,NCBITaxon:1279,2
1887,pseudomonas putida,binomial (genus species),NA,NA,card_ncbi,NCBITaxon:303,primary,pseudomonas,NCBITaxon:286,bacteria,NCBITaxon:2,1
1887,pseudomonas putida,binomial (genus species),NA,NA,card_ncbi,NCBITaxon:303,primary,pseudomonas,NCBITaxon:286,pseudomonas,NCBITaxon:286,2
18940,chryseobacterium indologenes,binomial (genus species),NA,NA,card_ncbi,NCBITaxon:253,primary,chryseobacterium,NCBITaxon:59732,bacteria,NCBITaxon:2,1
18940,chryseobacterium indologenes,binomial (genus species),NA,NA,card_ncbi,NCBITaxon:253,primary,chryseobacterium,NCBITaxon:59732,chryseobacterium,NCBITaxon:59732,2
18945,pseudomonas aeruginosa,binomial (genus species),NA,NA,card_ncbi,NCBITaxon:287,primary,pseudomonas,NCBITaxon:286,bacteria,NCBITaxon:2,1
18945,pseudomonas aeruginosa,binomial (genus species),NA,NA,card_ncbi,NCBITaxon:287,primary,pseudomonas,NCBITaxon:286,pseudomonas,NCBITaxon:286,2
18946,klebsiella pneumoniae,binomial (genus species),NA,NA,card_ncbi,NCBITaxon:573,primary,klebsiella,NCBITaxon:570,bacteria,NCBITaxon:2,1
18946,klebsiella pneumoniae,binomial (genus species),NA,NA,card_ncbi,NCBITaxon:573,primary,klebsiella,NCBITaxon:570,klebsiella,NCBITaxon:570,2
18947,klebsiella pneumoniae,binomial (genus species),NA,NA,card_ncbi,NCBITaxon:573,primary,klebsiella,NCBITaxon:570,bacteria,NCBITaxon:2,1
18947,klebsiella pneumoniae,binomial (genus species),NA,NA,card_ncbi,NCBITaxon:573,primary,klebsiella,NCBITaxon:570,klebsiella,NCBITaxon:570,2
18947,new delhi metallo-beta-lactamase1,binomial (genus species),NA,NA,card_ncbi,no exact match,no exact match,NA parents,NA parents,NA ancestors,NA ancestors,1
18947,blakpc,binomial (genus species),NA,NA,card_ncbi,no exact match,no exact match,NA parents,NA parents,NA ancestors,NA ancestors,2
19093,bacteroides fragilis,binomial (genus species),NA,NA,card_ncbi,NCBITaxon:817,primary,bacteroides,NCBITaxon:816,bacteria,NCBITaxon:2,1
19093,bacteroides fragilis,binomial (genus species),NA,NA,card_ncbi,NCBITaxon:817,primary,bacteroides,NCBITaxon:816,bacteroides,NCBITaxon:816,2
19152,leclercia adecarboxylata,binomial (genus species),NA,NA,card_ncbi,no exact match,no exact match,NA parents,NA parents,NA ancestors,NA ancestors,1
19196,nocardia cyriacigeorgica,binomial (genus species),NA,NA,card_ncbi,no exact match,no exact match,NA parents,NA parents,NA ancestors,NA ancestors,1
19267,staphylococcus aureus,binomial (genus species),NA,NA,card_ncbi,NCBITaxon:1280,primary,staphylococcus,NCBITaxon:1279,bacteria,NCBITaxon:2,1
19267,staphylococcus aureus,binomial (genus species),NA,NA,card_ncbi,NCBITaxon:1280,primary,staphylococcus,NCBITaxon:1279,staphylococcus,NCBITaxon:1279,2
19568,staphylococcus aureus,binomial (genus species),NA,NA,card_ncbi,NCBITaxon:1280,primary,staphylococcus,NCBITaxon:1279,bacteria,NCBITaxon:2,1
19568,staphylococcus aureus,binomial (genus species),NA,NA,card_ncbi,NCBITaxon:1280,primary,staphylococcus,NCBITaxon:1279,staphylococcus,NCBITaxon:1279,2
19607,escherichia coli,binomial (genus species),NA,NA,card_ncbi,NCBITaxon:562,primary,escherichia,NCBITaxon:561,bacteria,NCBITaxon:2,1
19607,escherichia coli,binomial (genus species),NA,NA,card_ncbi,NCBITaxon:562,primary,escherichia,NCBITaxon:561,escherichia,NCBITaxon:561,2
19609,escherichia coli,binomial (genus species),NA,NA,card_ncbi,NCBITaxon:562,primary,escherichia,NCBITaxon:561,bacteria,NCBITaxon:2,1
19609,escherichia coli,binomial (genus species),NA,NA,card_ncbi,NCBITaxon:562,primary,escherichia,NCBITaxon:561,escherichia,NCBITaxon:561,2
19615,escherichia coli,binomial (genus species),NA,NA,card_ncbi,NCBITaxon:562,primary,escherichia,NCBITaxon:561,bacteria,NCBITaxon:2,1
19615,escherichia coli,binomial (genus species),NA,NA,card_ncbi,NCBITaxon:562,primary,escherichia,NCBITaxon:561,escherichia,NCBITaxon:561,2
202,klebsiella pneumoniae,binomial (genus species),NA,NA,card_ncbi,NCBITaxon:573,primary,klebsiella,NCBITaxon:570,bacteria,NCBITaxon:2,1
202,klebsiella pneumoniae,binomial (genus species),NA,NA,card_ncbi,NCBITaxon:573,primary,klebsiella,NCBITaxon:570,klebsiella,NCBITaxon:570,2
20331,escherichia coli,binomial (genus species),NA,NA,card_ncbi,NCBITaxon:562,primary,escherichia,NCBITaxon:561,bacteria,NCBITaxon:2,1
20331,escherichia coli,binomial (genus species),NA,NA,card_ncbi,NCBITaxon:562,primary,escherichia,NCBITaxon:561,escherichia,NCBITaxon:561,2
20332,providencia rettgeri,binomial (genus species),NA,NA,card_ncbi,NCBITaxon:587,primary,providencia,NCBITaxon:586,bacteria,NCBITaxon:2,1
20332,providencia rettgeri,binomial (genus species),NA,NA,card_ncbi,NCBITaxon:587,primary,providencia,NCBITaxon:586,providencia,NCBITaxon:586,2
20350,shewanella algae,binomial (genus species),NA,NA,card_ncbi,NCBITaxon:38313,primary,shewanella,NCBITaxon:22,bacteria,NCBITaxon:2,1
20350,shewanella algae,binomial (genus species),NA,NA,card_ncbi,NCBITaxon:38313,primary,shewanella,NCBITaxon:22,shewanella,NCBITaxon:22,2
20553,staphylococcus haemolyticus,binomial (genus species),NA,NA,card_ncbi,NCBITaxon:1283,primary,staphylococcus,NCBITaxon:1279,bacteria,NCBITaxon:2,1
20553,staphylococcus haemolyticus,binomial (genus species),NA,NA,card_ncbi,NCBITaxon:1283,primary,staphylococcus,NCBITaxon:1279,staphylococcus,NCBITaxon:1279,2
2067,proteus mirabilis,binomial (genus species),NA,NA,card_ncbi,NCBITaxon:584,primary,proteus,NCBITaxon:583,bacteria,NCBITaxon:2,1
2067,proteus mirabilis,binomial (genus species),NA,NA,card_ncbi,NCBITaxon:584,primary,proteus,NCBITaxon:583,proteus,NCBITaxon:583,2
20841,klebsiella pneumoniae,binomial (genus species),NA,NA,card_ncbi,NCBITaxon:573,primary,klebsiella,NCBITaxon:570,bacteria,NCBITaxon:2,1
20841,klebsiella pneumoniae,binomial (genus species),NA,NA,card_ncbi,NCBITaxon:573,primary,klebsiella,NCBITaxon:570,klebsiella,NCBITaxon:570,2
20899,klebsiella pneumoniae,binomial (genus species),NA,NA,card_ncbi,NCBITaxon:573,primary,klebsiella,NCBITaxon:570,bacteria,NCBITaxon:2,1
20899,klebsiella pneumoniae,binomial (genus species),NA,NA,card_ncbi,NCBITaxon:573,primary,klebsiella,NCBITaxon:570,klebsiella,NCBITaxon:570,2
21029,helicobacter cinaedi,binomial (genus species),NA,NA,card_ncbi,no exact match,no exact match,NA parents,NA parents,NA ancestors,NA ancestors,1
21083,pseudomonas putida,binomial (genus species),NA,NA,card_ncbi,NCBITaxon:303,primary,pseudomonas,NCBITaxon:286,bacteria,NCBITaxon:2,1
21083,pseudomonas putida,binomial (genus species),NA,NA,card_ncbi,NCBITaxon:303,primary,pseudomonas,NCBITaxon:286,pseudomonas,NCBITaxon:286,2
21149,klebsiella pneumoniae,binomial (genus species),NA,NA,card_ncbi,NCBITaxon:573,primary,klebsiella,NCBITaxon:570,bacteria,NCBITaxon:2,1
21149,klebsiella pneumoniae,binomial (genus species),NA,NA,card_ncbi,NCBITaxon:573,primary,klebsiella,NCBITaxon:570,klebsiella,NCBITaxon:570,2
21192,staphylococcus aureus,binomial (genus species),NA,NA,card_ncbi,NCBITaxon:1280,primary,staphylococcus,NCBITaxon:1279,bacteria,NCBITaxon:2,1
21192,staphylococcus aureus,binomial (genus species),NA,NA,card_ncbi,NCBITaxon:1280,primary,staphylococcus,NCBITaxon:1279,staphylococcus,NCBITaxon:1279,2
21347,neisseria gonorrhoeae,binomial (genus species),NA,NA,card_ncbi,NCBITaxon:485,primary,neisseria,NCBITaxon:482,bacteria,NCBITaxon:2,1
21347,neisseria gonorrhoeae,binomial (genus species),NA,NA,card_ncbi,NCBITaxon:485,primary,neisseria,NCBITaxon:482,neisseria,NCBITaxon:482,2
21348,neisseria gonorrhoeae,binomial (genus species),NA,NA,card_ncbi,NCBITaxon:485,primary,neisseria,NCBITaxon:482,bacteria,NCBITaxon:2,1
21348,neisseria gonorrhoeae,binomial (genus species),NA,NA,card_ncbi,NCBITaxon:485,primary,neisseria,NCBITaxon:482,neisseria,NCBITaxon:482,2
21464,actinobaculum schaalii,binomial (genus species),NA,NA,card_ncbi,no exact match,no exact match,NA parents,NA parents,NA ancestors,NA ancestors,1
21479,neisseria gonorrhoeae,binomial (genus species),NA,NA,card_ncbi,NCBITaxon:485,primary,neisseria,NCBITaxon:482,bacteria,NCBITaxon:2,1
21479,neisseria gonorrhoeae,binomial (genus species),NA,NA,card_ncbi,NCBITaxon:485,primary,neisseria,NCBITaxon:482,neisseria,NCBITaxon:482,2
21824,pseudomonas aeruginosa,binomial (genus species),NA,NA,card_ncbi,NCBITaxon:287,primary,pseudomonas,NCBITaxon:286,bacteria,NCBITaxon:2,1
21824,pseudomonas aeruginosa,binomial (genus species),NA,NA,card_ncbi,NCBITaxon:287,primary,pseudomonas,NCBITaxon:286,pseudomonas,NCBITaxon:286,2
21838,shewanella putrefaciens,binomial (genus species),NA,NA,card_ncbi,no exact match,no exact match,NA parents,NA parents,NA ancestors,NA ancestors,1
22121,s maltophilia,binomial (genus species),NA,NA,card_ncbi,no exact match,no exact match,NA parents,NA parents,NA ancestors,NA ancestors,1
22167,s boydii,binomial (genus species),NA,NA,card_ncbi,no exact match,no exact match,NA parents,NA parents,NA ancestors,NA ancestors,1
22199,klebsiella pneumoniae,binomial (genus species),NA,NA,card_ncbi,NCBITaxon:573,primary,klebsiella,NCBITaxon:570,bacteria,NCBITaxon:2,1
22199,klebsiella pneumoniae,binomial (genus species),NA,NA,card_ncbi,NCBITaxon:573,primary,klebsiella,NCBITaxon:570,klebsiella,NCBITaxon:570,2
22437,escherichia coli,binomial (genus species),NA,NA,card_ncbi,NCBITaxon:562,primary,escherichia,NCBITaxon:561,bacteria,NCBITaxon:2,1
22437,escherichia coli,binomial (genus species),NA,NA,card_ncbi,NCBITaxon:562,primary,escherichia,NCBITaxon:561,escherichia,NCBITaxon:561,2
22668,salmonella enterica,binomial (genus species),NA,NA,card_ncbi,NCBITaxon:28901,primary,salmonella,NCBITaxon:590,bacteria,NCBITaxon:2,1
22668,salmonella enterica,binomial (genus species),NA,NA,card_ncbi,NCBITaxon:28901,primary,salmonella,NCBITaxon:590,salmonella,NCBITaxon:590,2
22703,babesia microti,binomial (genus species),NA,NA,card_ncbi,no exact match,no exact match,NA parents,NA parents,NA ancestors,NA ancestors,1
2302,enterobacter cloacae,binomial (genus species),NA,NA,card_ncbi,NCBITaxon:550,primary,enterobacter,NCBITaxon:547,bacteria,NCBITaxon:2,1
2302,enterobacter cloacae,binomial (genus species),NA,NA,card_ncbi,NCBITaxon:550,primary,enterobacter,NCBITaxon:547,enterobacter,NCBITaxon:547,2
2303,escherichia coli,binomial (genus species),NA,NA,card_ncbi,NCBITaxon:562,primary,escherichia,NCBITaxon:561,bacteria,NCBITaxon:2,1
2303,escherichia coli,binomial (genus species),NA,NA,card_ncbi,NCBITaxon:562,primary,escherichia,NCBITaxon:561,escherichia,NCBITaxon:561,2
23039,a caviae,binomial (genus species),NA,NA,card_ncbi,no exact match,no exact match,NA parents,NA parents,NA ancestors,NA ancestors,1
23107,klebsiella pneumoniae,binomial (genus species),NA,NA,card_ncbi,NCBITaxon:573,primary,klebsiella,NCBITaxon:570,bacteria,NCBITaxon:2,1
23107,klebsiella pneumoniae,binomial (genus species),NA,NA,card_ncbi,NCBITaxon:573,primary,klebsiella,NCBITaxon:570,klebsiella,NCBITaxon:570,2
23248,pseudomonas aeruginosa,binomial (genus species),NA,NA,card_ncbi,NCBITaxon:287,primary,pseudomonas,NCBITaxon:286,bacteria,NCBITaxon:2,1
23248,pseudomonas aeruginosa,binomial (genus species),NA,NA,card_ncbi,NCBITaxon:287,primary,pseudomonas,NCBITaxon:286,pseudomonas,NCBITaxon:286,2
23251,acinetobacter baumannii,binomial (genus species),NA,NA,card_ncbi,NCBITaxon:470,primary,acinetobacter,NCBITaxon:469,bacteria,NCBITaxon:2,1
23251,acinetobacter baumannii,binomial (genus species),NA,NA,card_ncbi,NCBITaxon:470,primary,acinetobacter,NCBITaxon:469,acinetobacter,NCBITaxon:469,2
23314,k pneumoniae,binomial (genus species),NA,NA,card_ncbi,no exact match,no exact match,NA parents,NA parents,NA ancestors,NA ancestors,1
23408,rhodoplanes,binomial (genus species),NA,NA,card_ncbi,no exact match,no exact match,NA parents,NA parents,NA ancestors,NA ancestors,1
23491,stenotrophomonas maltophilia,binomial (genus species),NA,NA,card_ncbi,NCBITaxon:40324,primary,bacteria,NCBITaxon:2,bacteria,NCBITaxon:2,1
23549,acinetobacter junii,binomial (genus species),NA,NA,card_ncbi,no exact match,no exact match,NA parents,NA parents,NA ancestors,NA ancestors,1
23647,enterococcus faecium,binomial (genus species),NA,NA,card_ncbi,NCBITaxon:1352,primary,enterococcus,NCBITaxon:1350,bacteria,NCBITaxon:2,1
23647,enterococcus faecium,binomial (genus species),NA,NA,card_ncbi,NCBITaxon:1352,primary,enterococcus,NCBITaxon:1350,enterococcus,NCBITaxon:1350,2
2372,acinetobacter indicus,binomial (genus species),NA,NA,card_ncbi,no exact match,no exact match,NA parents,NA parents,NA ancestors,NA ancestors,1
2389,enterobacter asburiae,binomial (genus species),NA,NA,card_ncbi,NCBITaxon:61645,primary,enterobacter,NCBITaxon:547,bacteria,NCBITaxon:2,1
2389,enterobacter asburiae,binomial (genus species),NA,NA,card_ncbi,NCBITaxon:61645,primary,enterobacter,NCBITaxon:547,enterobacter,NCBITaxon:547,2
2418,staphylococcus aureus,binomial (genus species),NA,NA,card_ncbi,NCBITaxon:1280,primary,staphylococcus,NCBITaxon:1279,bacteria,NCBITaxon:2,1
2418,staphylococcus aureus,binomial (genus species),NA,NA,card_ncbi,NCBITaxon:1280,primary,staphylococcus,NCBITaxon:1279,staphylococcus,NCBITaxon:1279,2
2419,klebsiella pneumoniae,binomial (genus species),NA,NA,card_ncbi,NCBITaxon:573,primary,klebsiella,NCBITaxon:570,bacteria,NCBITaxon:2,1
2419,klebsiella pneumoniae,binomial (genus species),NA,NA,card_ncbi,NCBITaxon:573,primary,klebsiella,NCBITaxon:570,klebsiella,NCBITaxon:570,2
2487,klebsiella pneumoniae,binomial (genus species),NA,NA,card_ncbi,NCBITaxon:573,primary,klebsiella,NCBITaxon:570,bacteria,NCBITaxon:2,1
2487,klebsiella pneumoniae,binomial (genus species),NA,NA,card_ncbi,NCBITaxon:573,primary,klebsiella,NCBITaxon:570,klebsiella,NCBITaxon:570,2
2512,helicobacter pylori,binomial (genus species),NA,NA,card_ncbi,NCBITaxon:210,primary,bacteria,NCBITaxon:2,bacteria,NCBITaxon:2,1
261,a baumannii,binomial (genus species),NA,NA,card_ncbi,no exact match,no exact match,NA parents,NA parents,NA ancestors,NA ancestors,1
261,k pneumoniae,binomial (genus species),NA,NA,card_ncbi,no exact match,no exact match,NA parents,NA parents,NA ancestors,NA ancestors,2
261,e coli,binomial (genus species),NA,NA,card_ncbi,no exact match,no exact match,NA parents,NA parents,NA ancestors,NA ancestors,3
2628,klebsiella pneumoniae,binomial (genus species),NA,NA,card_ncbi,NCBITaxon:573,primary,klebsiella,NCBITaxon:570,bacteria,NCBITaxon:2,1
2628,klebsiella pneumoniae,binomial (genus species),NA,NA,card_ncbi,NCBITaxon:573,primary,klebsiella,NCBITaxon:570,klebsiella,NCBITaxon:570,2
267,citrobacter freundii,binomial (genus species),NA,NA,card_ncbi,NCBITaxon:546,primary,citrobacter,NCBITaxon:544,bacteria,NCBITaxon:2,1
267,citrobacter freundii,binomial (genus species),NA,NA,card_ncbi,NCBITaxon:546,primary,citrobacter,NCBITaxon:544,citrobacter,NCBITaxon:544,2
2791,staphylococcus aureus,binomial (genus species),NA,NA,card_ncbi,NCBITaxon:1280,primary,staphylococcus,NCBITaxon:1279,bacteria,NCBITaxon:2,1
2791,staphylococcus aureus,binomial (genus species),NA,NA,card_ncbi,NCBITaxon:1280,primary,staphylococcus,NCBITaxon:1279,staphylococcus,NCBITaxon:1279,2
281,neisseria meningitidis,binomial (genus species),NA,NA,card_ncbi,NCBITaxon:487,primary,neisseria,NCBITaxon:482,bacteria,NCBITaxon:2,1
281,neisseria meningitidis,binomial (genus species),NA,NA,card_ncbi,NCBITaxon:487,primary,neisseria,NCBITaxon:482,neisseria,NCBITaxon:482,2
2889,mycoplasma pneumoniae,binomial (genus species),NA,NA,card_ncbi,NCBITaxon:2104,primary,bacteria,NCBITaxon:2,bacteria,NCBITaxon:2,1
2963,klebsiella oxytoca,binomial (genus species),NA,NA,card_ncbi,NCBITaxon:571,primary,klebsiella,NCBITaxon:570,bacteria,NCBITaxon:2,1
2963,klebsiella oxytoca,binomial (genus species),NA,NA,card_ncbi,NCBITaxon:571,primary,klebsiella,NCBITaxon:570,klebsiella,NCBITaxon:570,2
2963,citrobacter koseri,binomial (genus species),NA,NA,card_ncbi,NCBITaxon:545,primary,citrobacter,NCBITaxon:544,bacteria,NCBITaxon:2,1
2963,citrobacter koseri,binomial (genus species),NA,NA,card_ncbi,NCBITaxon:545,primary,citrobacter,NCBITaxon:544,citrobacter,NCBITaxon:544,2
3060,acinetobacter soli,binomial (genus species),NA,NA,card_ncbi,NCBITaxon:487316,primary,acinetobacter,NCBITaxon:469,bacteria,NCBITaxon:2,1
3060,acinetobacter soli,binomial (genus species),NA,NA,card_ncbi,NCBITaxon:487316,primary,acinetobacter,NCBITaxon:469,acinetobacter,NCBITaxon:469,2
3235,raoultella planticola,binomial (genus species),NA,NA,card_ncbi,NCBITaxon:575,primary,raoultella,NCBITaxon:160674,bacteria,NCBITaxon:2,1
3235,raoultella planticola,binomial (genus species),NA,NA,card_ncbi,NCBITaxon:575,primary,raoultella,NCBITaxon:160674,raoultella,NCBITaxon:160674,2
3374,staphylococcus aureus,binomial (genus species),NA,NA,card_ncbi,NCBITaxon:1280,primary,staphylococcus,NCBITaxon:1279,bacteria,NCBITaxon:2,1
3374,staphylococcus aureus,binomial (genus species),NA,NA,card_ncbi,NCBITaxon:1280,primary,staphylococcus,NCBITaxon:1279,staphylococcus,NCBITaxon:1279,2
345,pseudomonas aeruginosa,binomial (genus species),NA,NA,card_ncbi,NCBITaxon:287,primary,pseudomonas,NCBITaxon:286,bacteria,NCBITaxon:2,1
345,pseudomonas aeruginosa,binomial (genus species),NA,NA,card_ncbi,NCBITaxon:287,primary,pseudomonas,NCBITaxon:286,pseudomonas,NCBITaxon:286,2
3461,klebsiella pneumoniae,binomial (genus species),NA,NA,card_ncbi,NCBITaxon:573,primary,klebsiella,NCBITaxon:570,bacteria,NCBITaxon:2,1
3461,klebsiella pneumoniae,binomial (genus species),NA,NA,card_ncbi,NCBITaxon:573,primary,klebsiella,NCBITaxon:570,klebsiella,NCBITaxon:570,2
3471,staphylococcus aureus,binomial (genus species),NA,NA,card_ncbi,NCBITaxon:1280,primary,staphylococcus,NCBITaxon:1279,bacteria,NCBITaxon:2,1
3471,staphylococcus aureus,binomial (genus species),NA,NA,card_ncbi,NCBITaxon:1280,primary,staphylococcus,NCBITaxon:1279,staphylococcus,NCBITaxon:1279,2
3529,corynebacterium striatum,binomial (genus species),NA,NA,card_ncbi,NCBITaxon:43770,primary,corynebacterium,NCBITaxon:1716,bacteria,NCBITaxon:2,1
3529,corynebacterium striatum,binomial (genus species),NA,NA,card_ncbi,NCBITaxon:43770,primary,corynebacterium,NCBITaxon:1716,corynebacterium,NCBITaxon:1716,2
3596,klebsiella pneumoniae,binomial (genus species),NA,NA,card_ncbi,NCBITaxon:573,primary,klebsiella,NCBITaxon:570,bacteria,NCBITaxon:2,1
3596,klebsiella pneumoniae,binomial (genus species),NA,NA,card_ncbi,NCBITaxon:573,primary,klebsiella,NCBITaxon:570,klebsiella,NCBITaxon:570,2
360,acinetobacter pittii,binomial (genus species),NA,NA,card_ncbi,NCBITaxon:48296,primary,acinetobacter,NCBITaxon:469,bacteria,NCBITaxon:2,1
360,acinetobacter pittii,binomial (genus species),NA,NA,card_ncbi,NCBITaxon:48296,primary,acinetobacter,NCBITaxon:469,acinetobacter,NCBITaxon:469,2
3613,campylobacter,binomial (genus species),NA,NA,card_ncbi,NCBITaxon:194,primary,bacteria,NCBITaxon:2,bacteria,NCBITaxon:2,1
3622,proteus mirabilis,binomial (genus species),NA,NA,card_ncbi,NCBITaxon:584,primary,proteus,NCBITaxon:583,bacteria,NCBITaxon:2,1
3622,proteus mirabilis,binomial (genus species),NA,NA,card_ncbi,NCBITaxon:584,primary,proteus,NCBITaxon:583,proteus,NCBITaxon:583,2
3799,neisseria gonorrhoeae,binomial (genus species),NA,NA,card_ncbi,NCBITaxon:485,primary,neisseria,NCBITaxon:482,bacteria,NCBITaxon:2,1
3799,neisseria gonorrhoeae,binomial (genus species),NA,NA,card_ncbi,NCBITaxon:485,primary,neisseria,NCBITaxon:482,neisseria,NCBITaxon:482,2
3872,klebsiella pneumoniae,binomial (genus species),NA,NA,card_ncbi,NCBITaxon:573,primary,klebsiella,NCBITaxon:570,bacteria,NCBITaxon:2,1
3872,klebsiella pneumoniae,binomial (genus species),NA,NA,card_ncbi,NCBITaxon:573,primary,klebsiella,NCBITaxon:570,klebsiella,NCBITaxon:570,2
3882,escherichia coli,binomial (genus species),NA,NA,card_ncbi,NCBITaxon:562,primary,escherichia,NCBITaxon:561,bacteria,NCBITaxon:2,1
3882,escherichia coli,binomial (genus species),NA,NA,card_ncbi,NCBITaxon:562,primary,escherichia,NCBITaxon:561,escherichia,NCBITaxon:561,2
404,stenotrophomonas maltophilia,binomial (genus species),NA,NA,card_ncbi,NCBITaxon:40324,primary,bacteria,NCBITaxon:2,bacteria,NCBITaxon:2,1
4167,streptococcus constellatus,binomial (genus species),NA,NA,card_ncbi,NCBITaxon:76860,primary,streptococcus,NCBITaxon:1301,bacteria,NCBITaxon:2,1
4167,streptococcus constellatus,binomial (genus species),NA,NA,card_ncbi,NCBITaxon:76860,primary,streptococcus,NCBITaxon:1301,streptococcus,NCBITaxon:1301,2
4379,staphylococcus saprophyticus,binomial (genus species),NA,NA,card_ncbi,NCBITaxon:29385,primary,staphylococcus,NCBITaxon:1279,bacteria,NCBITaxon:2,1
4379,staphylococcus saprophyticus,binomial (genus species),NA,NA,card_ncbi,NCBITaxon:29385,primary,staphylococcus,NCBITaxon:1279,staphylococcus,NCBITaxon:1279,2
4489,klebsiella pneumoniae,binomial (genus species),NA,NA,card_ncbi,NCBITaxon:573,primary,klebsiella,NCBITaxon:570,bacteria,NCBITaxon:2,1
4489,klebsiella pneumoniae,binomial (genus species),NA,NA,card_ncbi,NCBITaxon:573,primary,klebsiella,NCBITaxon:570,klebsiella,NCBITaxon:570,2
4519,escherichia coli,binomial (genus species),NA,NA,card_ncbi,NCBITaxon:562,primary,escherichia,NCBITaxon:561,bacteria,NCBITaxon:2,1
4519,escherichia coli,binomial (genus species),NA,NA,card_ncbi,NCBITaxon:562,primary,escherichia,NCBITaxon:561,escherichia,NCBITaxon:561,2
4581,enterococcus raffinosus,binomial (genus species),NA,NA,card_ncbi,no exact match,no exact match,NA parents,NA parents,NA ancestors,NA ancestors,1
4641,klebsiella pneumoniae,binomial (genus species),NA,NA,card_ncbi,NCBITaxon:573,primary,klebsiella,NCBITaxon:570,bacteria,NCBITaxon:2,1
4641,klebsiella pneumoniae,binomial (genus species),NA,NA,card_ncbi,NCBITaxon:573,primary,klebsiella,NCBITaxon:570,klebsiella,NCBITaxon:570,2
4642,klebsiella pneumoniae,binomial (genus species),NA,NA,card_ncbi,NCBITaxon:573,primary,klebsiella,NCBITaxon:570,bacteria,NCBITaxon:2,1
4642,klebsiella pneumoniae,binomial (genus species),NA,NA,card_ncbi,NCBITaxon:573,primary,klebsiella,NCBITaxon:570,klebsiella,NCBITaxon:570,2
4776,aeromonas,binomial (genus species),NA,NA,card_ncbi,NCBITaxon:642,primary,bacteria,NCBITaxon:2,bacteria,NCBITaxon:2,1
5005,raoultella terrigena,binomial (genus species),NA,NA,card_ncbi,NCBITaxon:577,primary,raoultella,NCBITaxon:160674,bacteria,NCBITaxon:2,1
5005,raoultella terrigena,binomial (genus species),NA,NA,card_ncbi,NCBITaxon:577,primary,raoultella,NCBITaxon:160674,raoultella,NCBITaxon:160674,2
5091,mycobacterium kansasii,binomial (genus species),NA,NA,card_ncbi,NCBITaxon:1768,primary,bacteria,NCBITaxon:2,bacteria,NCBITaxon:2,1
5183,corynebacterium macginleyi,binomial (genus species),NA,NA,card_ncbi,no exact match,no exact match,NA parents,NA parents,NA ancestors,NA ancestors,1
5265,streptococcus mitis,binomial (genus species),NA,NA,card_ncbi,no exact match,no exact match,NA parents,NA parents,NA ancestors,NA ancestors,1
5449,providencia stuartii,binomial (genus species),NA,NA,card_ncbi,NCBITaxon:588,primary,providencia,NCBITaxon:586,bacteria,NCBITaxon:2,1
5449,providencia stuartii,binomial (genus species),NA,NA,card_ncbi,NCBITaxon:588,primary,providencia,NCBITaxon:586,providencia,NCBITaxon:586,2
5451,chryseobacterium indologenes,binomial (genus species),NA,NA,card_ncbi,NCBITaxon:253,primary,chryseobacterium,NCBITaxon:59732,bacteria,NCBITaxon:2,1
5451,chryseobacterium indologenes,binomial (genus species),NA,NA,card_ncbi,NCBITaxon:253,primary,chryseobacterium,NCBITaxon:59732,chryseobacterium,NCBITaxon:59732,2
5553,kocuria kristinae,binomial (genus species),NA,NA,card_ncbi,no exact match,no exact match,NA parents,NA parents,NA ancestors,NA ancestors,1
5560,ureaplasma parvum,binomial (genus species),NA,NA,card_ncbi,NCBITaxon:134821,primary,ureaplasma,NCBITaxon:2129,bacteria,NCBITaxon:2,1
5560,ureaplasma parvum,binomial (genus species),NA,NA,card_ncbi,NCBITaxon:134821,primary,ureaplasma,NCBITaxon:2129,ureaplasma,NCBITaxon:2129,2
5774,escherichia coli,binomial (genus species),aa,binomial (genus species)|drug resisted|resistance marker,card_ncbi,NCBITaxon:562,primary,escherichia,NCBITaxon:561,bacteria,NCBITaxon:2,1
5774,escherichia coli,binomial (genus species),aa,binomial (genus species)|drug resisted|resistance marker,card_ncbi,NCBITaxon:562,primary,escherichia,NCBITaxon:561,escherichia,NCBITaxon:561,2
579,k oxytoca,binomial (genus species),NA,NA,card_ncbi,no exact match,no exact match,NA parents,NA parents,NA ancestors,NA ancestors,1
580,p putida,binomial (genus species),NA,NA,card_ncbi,no exact match,no exact match,NA parents,NA parents,NA ancestors,NA ancestors,1
5804,klebsiella pneumoniae,binomial (genus species),NA,NA,card_ncbi,NCBITaxon:573,primary,klebsiella,NCBITaxon:570,bacteria,NCBITaxon:2,1
5804,klebsiella pneumoniae,binomial (genus species),NA,NA,card_ncbi,NCBITaxon:573,primary,klebsiella,NCBITaxon:570,klebsiella,NCBITaxon:570,2
591,brevundimonas diminuta,binomial (genus species),NA,NA,card_ncbi,no exact match,no exact match,NA parents,NA parents,NA ancestors,NA ancestors,1
5934,klebsiella pneumoniae,binomial (genus species),NA,NA,card_ncbi,NCBITaxon:573,primary,klebsiella,NCBITaxon:570,bacteria,NCBITaxon:2,1
5934,klebsiella pneumoniae,binomial (genus species),NA,NA,card_ncbi,NCBITaxon:573,primary,klebsiella,NCBITaxon:570,klebsiella,NCBITaxon:570,2
5961,a baumannii,binomial (genus species),NA,NA,card_ncbi,no exact match,no exact match,NA parents,NA parents,NA ancestors,NA ancestors,1
6314,enterobacter cloacae,binomial (genus species),NA,NA,card_ncbi,NCBITaxon:550,primary,enterobacter,NCBITaxon:547,bacteria,NCBITaxon:2,1
6314,enterobacter cloacae,binomial (genus species),NA,NA,card_ncbi,NCBITaxon:550,primary,enterobacter,NCBITaxon:547,enterobacter,NCBITaxon:547,2
6350,citrobacter freundii,binomial (genus species),NA,NA,card_ncbi,NCBITaxon:546,primary,citrobacter,NCBITaxon:544,bacteria,NCBITaxon:2,1
6350,citrobacter freundii,binomial (genus species),NA,NA,card_ncbi,NCBITaxon:546,primary,citrobacter,NCBITaxon:544,citrobacter,NCBITaxon:544,2
6375,escherichia coli,binomial (genus species),NA,NA,card_ncbi,NCBITaxon:562,primary,escherichia,NCBITaxon:561,bacteria,NCBITaxon:2,1
6375,escherichia coli,binomial (genus species),NA,NA,card_ncbi,NCBITaxon:562,primary,escherichia,NCBITaxon:561,escherichia,NCBITaxon:561,2
6454,corynebacterium diphtheriae,binomial (genus species),NA,NA,card_ncbi,NCBITaxon:1717,primary,corynebacterium,NCBITaxon:1716,bacteria,NCBITaxon:2,1
6454,corynebacterium diphtheriae,binomial (genus species),NA,NA,card_ncbi,NCBITaxon:1717,primary,corynebacterium,NCBITaxon:1716,corynebacterium,NCBITaxon:1716,2
6467,pseudomonas aeruginosa,binomial (genus species),NA,NA,card_ncbi,NCBITaxon:287,primary,pseudomonas,NCBITaxon:286,bacteria,NCBITaxon:2,1
6467,pseudomonas aeruginosa,binomial (genus species),NA,NA,card_ncbi,NCBITaxon:287,primary,pseudomonas,NCBITaxon:286,pseudomonas,NCBITaxon:286,2
6492,pseudomonas alcaligenes,binomial (genus species),NA,NA,card_ncbi,no exact match,no exact match,NA parents,NA parents,NA ancestors,NA ancestors,1
6505,staphylococcus aureus,binomial (genus species),NA,NA,card_ncbi,NCBITaxon:1280,primary,staphylococcus,NCBITaxon:1279,bacteria,NCBITaxon:2,1
6505,staphylococcus aureus,binomial (genus species),NA,NA,card_ncbi,NCBITaxon:1280,primary,staphylococcus,NCBITaxon:1279,staphylococcus,NCBITaxon:1279,2
661,staphylococcus aureus,binomial (genus species),NA,NA,card_ncbi,NCBITaxon:1280,primary,staphylococcus,NCBITaxon:1279,bacteria,NCBITaxon:2,1
661,staphylococcus aureus,binomial (genus species),NA,NA,card_ncbi,NCBITaxon:1280,primary,staphylococcus,NCBITaxon:1279,staphylococcus,NCBITaxon:1279,2
6737,a xylosoxidans,binomial (genus species),NA,NA,card_ncbi,no exact match,no exact match,NA parents,NA parents,NA ancestors,NA ancestors,1
6842,staphylococcus aureus,binomial (genus species),NA,NA,card_ncbi,NCBITaxon:1280,primary,staphylococcus,NCBITaxon:1279,bacteria,NCBITaxon:2,1
6842,staphylococcus aureus,binomial (genus species),NA,NA,card_ncbi,NCBITaxon:1280,primary,staphylococcus,NCBITaxon:1279,staphylococcus,NCBITaxon:1279,2
708,staphylococcus aureus,binomial (genus species),NA,NA,card_ncbi,NCBITaxon:1280,primary,staphylococcus,NCBITaxon:1279,bacteria,NCBITaxon:2,1
708,staphylococcus aureus,binomial (genus species),NA,NA,card_ncbi,NCBITaxon:1280,primary,staphylococcus,NCBITaxon:1279,staphylococcus,NCBITaxon:1279,2
7090,staphylococcus aureus,binomial (genus species),NA,NA,card_ncbi,NCBITaxon:1280,primary,staphylococcus,NCBITaxon:1279,bacteria,NCBITaxon:2,1
7090,staphylococcus aureus,binomial (genus species),NA,NA,card_ncbi,NCBITaxon:1280,primary,staphylococcus,NCBITaxon:1279,staphylococcus,NCBITaxon:1279,2
7108,escherichia coli,binomial (genus species),NA,NA,card_ncbi,NCBITaxon:562,primary,escherichia,NCBITaxon:561,bacteria,NCBITaxon:2,1
7108,escherichia coli,binomial (genus species),NA,NA,card_ncbi,NCBITaxon:562,primary,escherichia,NCBITaxon:561,escherichia,NCBITaxon:561,2
7369,escherichia coli,binomial (genus species),NA,NA,card_ncbi,NCBITaxon:562,primary,escherichia,NCBITaxon:561,bacteria,NCBITaxon:2,1
7369,escherichia coli,binomial (genus species),NA,NA,card_ncbi,NCBITaxon:562,primary,escherichia,NCBITaxon:561,escherichia,NCBITaxon:561,2
737,achromobacter xylosoxidans,binomial (genus species),NA,NA,card_ncbi,NCBITaxon:85698,primary,achromobacter,NCBITaxon:222,bacteria,NCBITaxon:2,1
737,achromobacter xylosoxidans,binomial (genus species),NA,NA,card_ncbi,NCBITaxon:85698,primary,achromobacter,NCBITaxon:222,achromobacter,NCBITaxon:222,2
7437,mycobacterium tuberculosis,binomial (genus species),NA,NA,card_ncbi,NCBITaxon:1773,primary,mycobacterium,NCBITaxon:1763,bacteria,NCBITaxon:2,1
7437,mycobacterium tuberculosis,binomial (genus species),NA,NA,card_ncbi,NCBITaxon:1773,primary,mycobacterium,NCBITaxon:1763,mycobacterium,NCBITaxon:1763,2
7494,klebsiella pneumoniae,binomial (genus species),NA,NA,card_ncbi,NCBITaxon:573,primary,klebsiella,NCBITaxon:570,bacteria,NCBITaxon:2,1
7494,klebsiella pneumoniae,binomial (genus species),NA,NA,card_ncbi,NCBITaxon:573,primary,klebsiella,NCBITaxon:570,klebsiella,NCBITaxon:570,2
7585,escherichia coli,binomial (genus species),NA,NA,card_ncbi,NCBITaxon:562,primary,escherichia,NCBITaxon:561,bacteria,NCBITaxon:2,1
7585,escherichia coli,binomial (genus species),NA,NA,card_ncbi,NCBITaxon:562,primary,escherichia,NCBITaxon:561,escherichia,NCBITaxon:561,2
7620,enterobacter asburiae,binomial (genus species),NA,NA,card_ncbi,NCBITaxon:61645,primary,enterobacter,NCBITaxon:547,bacteria,NCBITaxon:2,1
7620,enterobacter asburiae,binomial (genus species),NA,NA,card_ncbi,NCBITaxon:61645,primary,enterobacter,NCBITaxon:547,enterobacter,NCBITaxon:547,2
7904,neisseria gonorrhoeae,binomial (genus species),NA,NA,card_ncbi,NCBITaxon:485,primary,neisseria,NCBITaxon:482,bacteria,NCBITaxon:2,1
7904,neisseria gonorrhoeae,binomial (genus species),NA,NA,card_ncbi,NCBITaxon:485,primary,neisseria,NCBITaxon:482,neisseria,NCBITaxon:482,2
7945,brevundimonas vesicularis,binomial (genus species),NA,NA,card_ncbi,no exact match,no exact match,NA parents,NA parents,NA ancestors,NA ancestors,1
7968,staphylococcus haemolyticus,binomial (genus species),NA,NA,card_ncbi,NCBITaxon:1283,primary,staphylococcus,NCBITaxon:1279,bacteria,NCBITaxon:2,1
7968,staphylococcus haemolyticus,binomial (genus species),NA,NA,card_ncbi,NCBITaxon:1283,primary,staphylococcus,NCBITaxon:1279,staphylococcus,NCBITaxon:1279,2
8089,dyella,binomial (genus species),NA,NA,card_ncbi,no exact match,no exact match,NA parents,NA parents,NA ancestors,NA ancestors,1
8089,dyella sp. ld14149,binomial (genus species),NA,NA,card_ncbi,no exact match,no exact match,NA parents,NA parents,NA ancestors,NA ancestors,2
8174,citrobacter freundii,binomial (genus species),NA,NA,card_ncbi,NCBITaxon:546,primary,citrobacter,NCBITaxon:544,bacteria,NCBITaxon:2,1
8174,citrobacter freundii,binomial (genus species),NA,NA,card_ncbi,NCBITaxon:546,primary,citrobacter,NCBITaxon:544,citrobacter,NCBITaxon:544,2
8181,enterobacter cloacae,binomial (genus species),NA,NA,card_ncbi,NCBITaxon:550,primary,enterobacter,NCBITaxon:547,bacteria,NCBITaxon:2,1
8181,enterobacter cloacae,binomial (genus species),NA,NA,card_ncbi,NCBITaxon:550,primary,enterobacter,NCBITaxon:547,enterobacter,NCBITaxon:547,2
8515,salmonella enterica,binomial (genus species),NA,NA,card_ncbi,NCBITaxon:28901,primary,salmonella,NCBITaxon:590,bacteria,NCBITaxon:2,1
8515,salmonella enterica,binomial (genus species),NA,NA,card_ncbi,NCBITaxon:28901,primary,salmonella,NCBITaxon:590,salmonella,NCBITaxon:590,2
8591,acinetobacter baumannii,binomial (genus species),NA,NA,card_ncbi,NCBITaxon:470,primary,acinetobacter,NCBITaxon:469,bacteria,NCBITaxon:2,1
8591,acinetobacter baumannii,binomial (genus species),NA,NA,card_ncbi,NCBITaxon:470,primary,acinetobacter,NCBITaxon:469,acinetobacter,NCBITaxon:469,2
8653,streptococcus pneumoniae,binomial (genus species),NA,NA,card_ncbi,NCBITaxon:1313,primary,streptococcus,NCBITaxon:1301,bacteria,NCBITaxon:2,1
8653,streptococcus pneumoniae,binomial (genus species),NA,NA,card_ncbi,NCBITaxon:1313,primary,streptococcus,NCBITaxon:1301,streptococcus,NCBITaxon:1301,2
869,klebsiella pneumoniae,binomial (genus species),NA,NA,card_ncbi,NCBITaxon:573,primary,klebsiella,NCBITaxon:570,bacteria,NCBITaxon:2,1
869,klebsiella pneumoniae,binomial (genus species),NA,NA,card_ncbi,NCBITaxon:573,primary,klebsiella,NCBITaxon:570,klebsiella,NCBITaxon:570,2
8711,klebsiella pneumoniae,binomial (genus species),NA,NA,card_ncbi,NCBITaxon:573,primary,klebsiella,NCBITaxon:570,bacteria,NCBITaxon:2,1
8711,klebsiella pneumoniae,binomial (genus species),NA,NA,card_ncbi,NCBITaxon:573,primary,klebsiella,NCBITaxon:570,klebsiella,NCBITaxon:570,2
8711,escherichia coli,binomial (genus species),NA,NA,card_ncbi,NCBITaxon:562,primary,escherichia,NCBITaxon:561,bacteria,NCBITaxon:2,1
8711,escherichia coli,binomial (genus species),NA,NA,card_ncbi,NCBITaxon:562,primary,escherichia,NCBITaxon:561,escherichia,NCBITaxon:561,2
8842,staphylococcus epidermidis,binomial (genus species),NA,NA,card_ncbi,NCBITaxon:1282,primary,staphylococcus,NCBITaxon:1279,bacteria,NCBITaxon:2,1
8842,staphylococcus epidermidis,binomial (genus species),NA,NA,card_ncbi,NCBITaxon:1282,primary,staphylococcus,NCBITaxon:1279,staphylococcus,NCBITaxon:1279,2
8862,salmonella enterica,binomial (genus species),NA,NA,card_ncbi,NCBITaxon:28901,primary,salmonella,NCBITaxon:590,bacteria,NCBITaxon:2,1
8862,salmonella enterica,binomial (genus species),NA,NA,card_ncbi,NCBITaxon:28901,primary,salmonella,NCBITaxon:590,salmonella,NCBITaxon:590,2
8948,pseudomonas aeruginosa,binomial (genus species),NA,NA,card_ncbi,NCBITaxon:287,primary,pseudomonas,NCBITaxon:286,bacteria,NCBITaxon:2,1
8948,pseudomonas aeruginosa,binomial (genus species),NA,NA,card_ncbi,NCBITaxon:287,primary,pseudomonas,NCBITaxon:286,pseudomonas,NCBITaxon:286,2
8950,klebsiella pneumoniae,binomial (genus species),NA,NA,card_ncbi,NCBITaxon:573,primary,klebsiella,NCBITaxon:570,bacteria,NCBITaxon:2,1
8950,klebsiella pneumoniae,binomial (genus species),NA,NA,card_ncbi,NCBITaxon:573,primary,klebsiella,NCBITaxon:570,klebsiella,NCBITaxon:570,2
8982,staphylococcus aureus,binomial (genus species),NA,NA,card_ncbi,NCBITaxon:1280,primary,staphylococcus,NCBITaxon:1279,bacteria,NCBITaxon:2,1
8982,staphylococcus aureus,binomial (genus species),NA,NA,card_ncbi,NCBITaxon:1280,primary,staphylococcus,NCBITaxon:1279,staphylococcus,NCBITaxon:1279,2
9,helicobacter pylori,binomial (genus species),NA,NA,card_ncbi,NCBITaxon:210,primary,bacteria,NCBITaxon:2,bacteria,NCBITaxon:2,1
9045,klebsiella pneumoniae,binomial (genus species),NA,NA,card_ncbi,NCBITaxon:573,primary,klebsiella,NCBITaxon:570,bacteria,NCBITaxon:2,1
9045,klebsiella pneumoniae,binomial (genus species),NA,NA,card_ncbi,NCBITaxon:573,primary,klebsiella,NCBITaxon:570,klebsiella,NCBITaxon:570,2
9075,acinetobacter baumannii,binomial (genus species),aa,binomial (genus species)|drug resisted|mic|resistance marker|strain,card_ncbi,NCBITaxon:470,primary,acinetobacter,NCBITaxon:469,bacteria,NCBITaxon:2,1
9075,acinetobacter baumannii,binomial (genus species),aa,binomial (genus species)|drug resisted|mic|resistance marker|strain,card_ncbi,NCBITaxon:470,primary,acinetobacter,NCBITaxon:469,acinetobacter,NCBITaxon:469,2
9075,citrobacter freundii,binomial (genus species),bb,binomial (genus species)|drug resisted|mic|resistance marker,card_ncbi,NCBITaxon:546,primary,citrobacter,NCBITaxon:544,bacteria,NCBITaxon:2,1
9075,citrobacter freundii,binomial (genus species),bb,binomial (genus species)|drug resisted|mic|resistance marker,card_ncbi,NCBITaxon:546,primary,citrobacter,NCBITaxon:544,citrobacter,NCBITaxon:544,2
9075,escherichia coli,binomial (genus species),cc,binomial (genus species)|drug resisted|mic|resistance marker|strain,card_ncbi,NCBITaxon:562,primary,escherichia,NCBITaxon:561,bacteria,NCBITaxon:2,1
9075,escherichia coli,binomial (genus species),cc,binomial (genus species)|drug resisted|mic|resistance marker|strain,card_ncbi,NCBITaxon:562,primary,escherichia,NCBITaxon:561,escherichia,NCBITaxon:561,2
9081,staphylococcus capitis,binomial (genus species),NA,NA,card_ncbi,no exact match,no exact match,NA parents,NA parents,NA ancestors,NA ancestors,1
9126,k pneumoniae,binomial (genus species),NA,NA,card_ncbi,no exact match,no exact match,NA parents,NA parents,NA ancestors,NA ancestors,1
9126,citrobacter freundii,binomial (genus species),NA,NA,card_ncbi,NCBITaxon:546,primary,citrobacter,NCBITaxon:544,bacteria,NCBITaxon:2,1
9126,citrobacter freundii,binomial (genus species),NA,NA,card_ncbi,NCBITaxon:546,primary,citrobacter,NCBITaxon:544,citrobacter,NCBITaxon:544,2
927,staphylococcus aureus,binomial (genus species),NA,NA,card_ncbi,NCBITaxon:1280,primary,staphylococcus,NCBITaxon:1279,bacteria,NCBITaxon:2,1
927,staphylococcus aureus,binomial (genus species),NA,NA,card_ncbi,NCBITaxon:1280,primary,staphylococcus,NCBITaxon:1279,staphylococcus,NCBITaxon:1279,2
9340,salmonella enterica,binomial (genus species),NA,NA,card_ncbi,NCBITaxon:28901,primary,salmonella,NCBITaxon:590,bacteria,NCBITaxon:2,1
9340,salmonella enterica,binomial (genus species),NA,NA,card_ncbi,NCBITaxon:28901,primary,salmonella,NCBITaxon:590,salmonella,NCBITaxon:590,2
9456,neisseria gonorrhoeae,binomial (genus species),NA,NA,card_ncbi,NCBITaxon:485,primary,neisseria,NCBITaxon:482,bacteria,NCBITaxon:2,1
9456,neisseria gonorrhoeae,binomial (genus species),NA,NA,card_ncbi,NCBITaxon:485,primary,neisseria,NCBITaxon:482,neisseria,NCBITaxon:482,2
9669,m simiae,binomial (genus species),NA,NA,card_ncbi,no exact match,no exact match,NA parents,NA parents,NA ancestors,NA ancestors,1
9727,staphylococcus aureus,binomial (genus species),NA,NA,card_ncbi,NCBITaxon:1280,primary,staphylococcus,NCBITaxon:1279,bacteria,NCBITaxon:2,1
9727,staphylococcus aureus,binomial (genus species),NA,NA,card_ncbi,NCBITaxon:1280,primary,staphylococcus,NCBITaxon:1279,staphylococcus,NCBITaxon:1279,2
9733,salmonella enterica,binomial (genus species),NA,NA,card_ncbi,NCBITaxon:28901,primary,salmonella,NCBITaxon:590,bacteria,NCBITaxon:2,1
9733,salmonella enterica,binomial (genus species),NA,NA,card_ncbi,NCBITaxon:28901,primary,salmonella,NCBITaxon:590,salmonella,NCBITaxon:590,2
9885,pseudomonas aeruginosa,binomial (genus species),NA,NA,card_ncbi,NCBITaxon:287,primary,pseudomonas,NCBITaxon:286,bacteria,NCBITaxon:2,1
9885,pseudomonas aeruginosa,binomial (genus species),NA,NA,card_ncbi,NCBITaxon:287,primary,pseudomonas,NCBITaxon:286,pseudomonas,NCBITaxon:286,2
9937,acinetobacter baumannii,binomial (genus species),NA,NA,card_ncbi,NCBITaxon:470,primary,acinetobacter,NCBITaxon:469,bacteria,NCBITaxon:2,1
9937,acinetobacter baumannii,binomial (genus species),NA,NA,card_ncbi,NCBITaxon:470,primary,acinetobacter,NCBITaxon:469,acinetobacter,NCBITaxon:469,2
9989,pseudomonas aeruginosa,binomial (genus species),NA,NA,card_ncbi,NCBITaxon:287,primary,pseudomonas,NCBITaxon:286,bacteria,NCBITaxon:2,1
9989,pseudomonas aeruginosa,binomial (genus species),NA,NA,card_ncbi,NCBITaxon:287,primary,pseudomonas,NCBITaxon:286,pseudomonas,NCBITaxon:286,2
