study_id,study_country,bacteria_preferred_label,drug_preferred_label,start_date
202,algeria,klebsiella pneumoniae,amoxicillin,2011-10
202,algeria,klebsiella pneumoniae,amoxicillin-potassium clavulanate combination,2011-10
202,algeria,klebsiella pneumoniae,cefotaxime,2011-10
202,algeria,klebsiella pneumoniae,cefoxitin,2011-10
202,algeria,klebsiella pneumoniae,cephalothin,2011-10
183,algeria,escherichia coli,ciprofloxacin,2012-03
202,algeria,klebsiella pneumoniae,ertapenem,2011-10
183,algeria,escherichia coli,gentamicins,2012-03
202,algeria,klebsiella pneumoniae,imipenem,2011-10
183,algeria,escherichia coli,kanamycin,2012-03
183,algeria,escherichia coli,minocycline,2012-03
183,algeria,escherichia coli,nalidixic acid,2012-03
183,algeria,escherichia coli,ofloxacin,2012-03
202,algeria,klebsiella pneumoniae,piperacillin,2011-10
202,algeria,klebsiella pneumoniae,"piperacillin, tazobactam drug combination",2011-10
202,algeria,klebsiella pneumoniae,ticarcillin,2011-10
202,algeria,klebsiella pneumoniae,ticarcillin-clavulanic acid,2011-10
183,algeria,escherichia coli,tobramycin,2012-03
183,algeria,escherichia coli,"trimethoprim, sulfamethoxazole drug combination",2012-03
591,argentina,brevundimonas diminuta,amikacin,2011-09-05
591,argentina,brevundimonas diminuta,ampicillin,2011-09-05
591,argentina,brevundimonas diminuta,aztreonam,2011-09-05
7494,argentina,klebsiella pneumoniae,beta-lactams,2010-08
7494,argentina,klebsiella pneumoniae,carbapenems,2010-08
591,argentina,brevundimonas diminuta,cefepime,2011-09-05
591,argentina,brevundimonas diminuta,cefotaxime,2011-09-05
591,argentina,brevundimonas diminuta,cefoxitin,2011-09-05
591,argentina,brevundimonas diminuta,ceftazidime,2011-09-05
591,argentina,brevundimonas diminuta,cephalothin,2011-09-05
7494,argentina,klebsiella pneumoniae,chloramphenicol,2010-08
591,argentina,brevundimonas diminuta,ciprofloxacin,2011-09-05
591,argentina,brevundimonas diminuta,colistin,2011-09-05
7494,argentina,klebsiella pneumoniae,colistin,2010-08
7494,argentina,klebsiella pneumoniae,fosfomycin,2010-08
591,argentina,brevundimonas diminuta,gentamicins,2011-09-05
591,argentina,brevundimonas diminuta,imipenem,2011-09-05
591,argentina,brevundimonas diminuta,meropenem,2011-09-05
591,argentina,brevundimonas diminuta,"piperacillin, tazobactam drug combination",2011-09-05
7494,argentina,klebsiella pneumoniae,rifampin,2010-08
7494,argentina,klebsiella pneumoniae,sulfamethoxazole,2010-08
591,argentina,brevundimonas diminuta,sultamicillin,2011-09-05
7494,argentina,klebsiella pneumoniae,tetracyclines,2010-08
7494,argentina,klebsiella pneumoniae,trimethoprim,2010-08
591,argentina,brevundimonas diminuta,"trimethoprim, sulfamethoxazole drug combination",2011-09-05
17611,australia,clostridioides difficile,levofloxacin,2009-02-04
17611,australia,clostridioides difficile,moxifloxacin,2009-02-04
21347,austria,neisseria gonorrhoeae,cefixime,2011-07
21347,austria,neisseria gonorrhoeae,ceftriaxone,2011-07
21347,austria,neisseria gonorrhoeae,ciprofloxacin,2011-07
2303,belgium,escherichia coli,amikacin,2010-05
2303,belgium,escherichia coli,aztreonam,2010-05
2303,belgium,escherichia coli,cefepime,2010-05
2303,belgium,escherichia coli,ceftazidime,2010-05
2303,belgium,escherichia coli,doripenem,2010-05
2302,belgium,enterobacter cloacae,ertapenem,2011-06
2303,belgium,escherichia coli,ertapenem,2010-05
2303,belgium,escherichia coli,imipenem,2010-05
2303,belgium,escherichia coli,levofloxacin,2010-05
2303,belgium,escherichia coli,meropenem,2010-05
2302,belgium,enterobacter cloacae,piperacillin,2011-06
2302,belgium,enterobacter cloacae,"piperacillin, tazobactam drug combination",2011-06
2302,belgium,enterobacter cloacae,temocillin,2011-06
2302,belgium,enterobacter cloacae,ticarcillin,2011-06
2302,belgium,enterobacter cloacae,ticarcillin-clavulanic acid,2011-06
18674,brazil,acinetobacter,amikacin,2013-11
13741,brazil,sphingobacterium multivorum,amikacin,2016
18674,brazil,acinetobacter,amoxicillin-potassium clavulanate combination,2013-11
580,brazil,pseudomonas putida,amoxicillin-potassium clavulanate combination,2008-07
18674,brazil,acinetobacter,aztreonam,2013-11
580,brazil,pseudomonas putida,aztreonam,2008-07
13741,brazil,sphingobacterium multivorum,aztreonam,2016
16584,brazil,acinetobacter baumannii,carbapenems,2013-12
18674,brazil,acinetobacter,cefadroxil,2013-11
23251,brazil,acinetobacter baumannii,cefepime,2009-11
580,brazil,pseudomonas putida,cefepime,2008-07
580,brazil,pseudomonas putida,cefotaxime,2008-07
13741,brazil,sphingobacterium multivorum,cefotaxime,2016
23251,brazil,acinetobacter baumannii,ceftazidime,2009-11
3461,brazil,klebsiella pneumoniae,ceftazidime,2010-01
580,brazil,pseudomonas putida,ceftazidime,2008-07
18674,brazil,acinetobacter,ceftriaxone,2013-11
23251,brazil,acinetobacter baumannii,ceftriaxone,2009-11
580,brazil,pseudomonas putida,ceftriaxone,2008-07
580,brazil,pseudomonas putida,cephalothin,2008-07
13308,brazil,rahnella aquatilis,cephalothin,2015
18674,brazil,acinetobacter,ciprofloxacin,2013-11
3461,brazil,klebsiella pneumoniae,ciprofloxacin,2010-01
580,brazil,pseudomonas putida,ciprofloxacin,2008-07
18674,brazil,acinetobacter,ertapenem,2013-11
580,brazil,pseudomonas putida,gentamicins,2008-07
13741,brazil,sphingobacterium multivorum,gentamicins,2016
18674,brazil,acinetobacter,imipenem,2013-11
23251,brazil,acinetobacter baumannii,imipenem,2009-11
20639,brazil,acinetobacter nosocomialis,imipenem,2013
580,brazil,pseudomonas putida,imipenem,2008-07
13741,brazil,sphingobacterium multivorum,imipenem,2016
18674,brazil,acinetobacter,levofloxacin,2013-11
3461,brazil,klebsiella pneumoniae,levofloxacin,2010-01
6842,brazil,staphylococcus aureus,linezolid,2002-07-17
18674,brazil,acinetobacter,meropenem,2013-11
23251,brazil,acinetobacter baumannii,meropenem,2009-11
20639,brazil,acinetobacter nosocomialis,meropenem,2013
580,brazil,pseudomonas putida,meropenem,2008-07
13741,brazil,sphingobacterium multivorum,meropenem,2016
18674,brazil,acinetobacter,nitrofurantoin,2013-11
17942,brazil,staphylococcus aureus,oxacillin,2007-01-05
17942,brazil,streptomyces aureus,oxacillin,2007-01-05
18674,brazil,acinetobacter,"piperacillin, tazobactam drug combination",2013-11
580,brazil,pseudomonas putida,"piperacillin, tazobactam drug combination",2008-07
13741,brazil,sphingobacterium multivorum,"piperacillin, tazobactam drug combination",2016
13804,brazil,enterococcus gallinarum,teicoplanin,2008
580,brazil,pseudomonas putida,tigecycline,2008-07
13741,brazil,sphingobacterium multivorum,tobramycin,2016
18674,brazil,acinetobacter,"trimethoprim, sulfamethoxazole drug combination",2013-11
16584,brazil,acinetobacter baumannii,vancomycin,2013-12
13804,brazil,enterococcus gallinarum,vancomycin,2008
2512,bulgaria,helicobacter pylori,amoxicillin,2005
20899,bulgaria,klebsiella pneumoniae,aztreonam,2014-01
20899,bulgaria,klebsiella pneumoniae,cefepime,2014-01
20899,bulgaria,klebsiella pneumoniae,cefotaxime,2014-01
20899,bulgaria,klebsiella pneumoniae,ceftazidime,2014-01
20899,bulgaria,klebsiella pneumoniae,ciprofloxacin,2014-01
2512,bulgaria,helicobacter pylori,clarithromycin,2009
20899,bulgaria,klebsiella pneumoniae,doripenem,2014-01
20899,bulgaria,klebsiella pneumoniae,doxycycline,2014-01
20899,bulgaria,klebsiella pneumoniae,ertapenem,2014-01
20899,bulgaria,klebsiella pneumoniae,imipenem,2014-01
20899,bulgaria,klebsiella pneumoniae,levofloxacin,2014-01
20899,bulgaria,klebsiella pneumoniae,meropenem,2014-01
2512,bulgaria,helicobacter pylori,metronidazole,2008
20899,bulgaria,klebsiella pneumoniae,"piperacillin, tazobactam drug combination",2014-01
2512,bulgaria,helicobacter pylori,tetracycline,2009
20899,bulgaria,klebsiella pneumoniae,ticarcillin-clavulanic acid,2014-01
20899,bulgaria,klebsiella pneumoniae,tobramycin,2014-01
20899,bulgaria,klebsiella pneumoniae,"trimethoprim, sulfamethoxazole drug combination",2014-01
16248,canada,enterobacteriaceae,amikacin,2010
2419,canada,klebsiella pneumoniae,amikacin,2011-09-09
11303,canada,morganella morganii,amikacin,2011
11303,canada,providencia rettgeri,amikacin,2011
13370,canada,pseudomonas aeruginosa,amikacin,2015-03
20841,canada,klebsiella pneumoniae,aminoglycosides,2010-08
16248,canada,enterobacteriaceae,amoxicillin-potassium clavulanate combination,2010
11303,canada,morganella morganii,amoxicillin-potassium clavulanate combination,2011
11303,canada,providencia rettgeri,amoxicillin-potassium clavulanate combination,2011
11384,canada,escherichia fergusonii,ampicillin,2010
2419,canada,klebsiella pneumoniae,ampicillin,2011-09-09
11303,canada,morganella morganii,ampicillin,2011
11303,canada,providencia rettgeri,ampicillin,2011
16248,canada,enterobacteriaceae,aztreonam,2010
11384,canada,escherichia fergusonii,aztreonam,2010
20841,canada,klebsiella pneumoniae,beta-lactams,2010-08
20841,canada,klebsiella pneumoniae,carbapenems,2010-08
11303,canada,morganella morganii,cefazolin,2011
11303,canada,providencia rettgeri,cefazolin,2011
2419,canada,klebsiella pneumoniae,cefepime,2011-09-09
11303,canada,morganella morganii,cefepime,2011
11303,canada,providencia rettgeri,cefepime,2011
13370,canada,pseudomonas aeruginosa,cefepime,2015-03
2419,canada,klebsiella pneumoniae,cefotaxime,2011-09-09
16248,canada,enterobacteriaceae,cefoxitin,2010
2419,canada,klebsiella pneumoniae,cefoxitin,2011-09-09
13370,canada,pseudomonas aeruginosa,cefoxitin,2015-03
16248,canada,enterobacteriaceae,ceftazidime,2010
2419,canada,klebsiella pneumoniae,ceftazidime,2011-09-09
11303,canada,morganella morganii,ceftazidime,2011
11303,canada,providencia rettgeri,ceftazidime,2011
13370,canada,pseudomonas aeruginosa,ceftazidime,2015-03
16248,canada,enterobacteriaceae,ceftriaxone,2010
11303,canada,morganella morganii,ceftriaxone,2011
11303,canada,providencia rettgeri,ceftriaxone,2011
13370,canada,pseudomonas aeruginosa,ceftriaxone,2015-03
13994,canada,corynebacterium diphtheriae,chloramphenicol,2011
14571,canada,klebsiella pneumoniae,chloramphenicol,2010
11303,canada,morganella morganii,chloramphenicol,2011
16248,canada,enterobacteriaceae,ciprofloxacin,2010
2419,canada,klebsiella pneumoniae,ciprofloxacin,2011-09-09
11303,canada,morganella morganii,ciprofloxacin,2011
11303,canada,providencia rettgeri,ciprofloxacin,2011
13370,canada,pseudomonas aeruginosa,ciprofloxacin,2015-03
13994,canada,corynebacterium diphtheriae,clindamycin,2011
2419,canada,klebsiella pneumoniae,colistin,2011-09-09
11303,canada,morganella morganii,colistin,2011
11303,canada,providencia rettgeri,colistin,2011
11303,canada,morganella morganii,doripenem,2011
11303,canada,providencia rettgeri,doripenem,2011
16248,canada,enterobacteriaceae,ertapenem,2010
2419,canada,klebsiella pneumoniae,ertapenem,2011-09-09
11303,canada,morganella morganii,ertapenem,2011
11303,canada,providencia rettgeri,ertapenem,2011
13994,canada,corynebacterium diphtheriae,erythromycin,2011
11510,canada,cupriavidus metallidurans,gentamicins,2011
16248,canada,enterobacteriaceae,gentamicins,2010
2419,canada,klebsiella pneumoniae,gentamicins,2011-09-09
11303,canada,morganella morganii,gentamicins,2011
11303,canada,providencia rettgeri,gentamicins,2011
13370,canada,pseudomonas aeruginosa,gentamicins,2015-03
2419,canada,klebsiella pneumoniae,imipenem,2011-09-09
11303,canada,morganella morganii,imipenem,2011
11303,canada,providencia rettgeri,imipenem,2011
2419,canada,klebsiella pneumoniae,levofloxacin,2011-09-09
16248,canada,enterobacteriaceae,meropenem,2010
2419,canada,klebsiella pneumoniae,meropenem,2011-09-09
11303,canada,morganella morganii,meropenem,2011
11303,canada,providencia rettgeri,meropenem,2011
13370,canada,pseudomonas aeruginosa,meropenem,2015-03
2419,canada,klebsiella pneumoniae,nalidixic acid,2011-09-09
20841,canada,klebsiella pneumoniae,nitrofurantoin,2010-08
11303,canada,morganella morganii,nitrofurantoin,2011
11303,canada,providencia rettgeri,nitrofurantoin,2011
16248,canada,enterobacteriaceae,"piperacillin, tazobactam drug combination",2010
13370,canada,pseudomonas aeruginosa,"piperacillin, tazobactam drug combination",2015-03
20841,canada,klebsiella pneumoniae,quinolones,2010-08
13994,canada,corynebacterium diphtheriae,telithromycin,2011
13994,canada,corynebacterium diphtheriae,tetracycline,2011
20841,canada,klebsiella pneumoniae,tetracycline,2010-08
11303,canada,morganella morganii,tetracycline,2011
11303,canada,providencia rettgeri,tetracycline,2011
2419,canada,klebsiella pneumoniae,tigecycline,2011-09-09
13370,canada,pseudomonas aeruginosa,tigecycline,2015-03
11510,canada,cupriavidus metallidurans,tobramycin,2011
16248,canada,enterobacteriaceae,tobramycin,2010
2419,canada,klebsiella pneumoniae,tobramycin,2011-09-09
11303,canada,morganella morganii,tobramycin,2011
11303,canada,providencia rettgeri,tobramycin,2011
13370,canada,pseudomonas aeruginosa,tobramycin,2015-03
13994,canada,corynebacterium diphtheriae,"trimethoprim, sulfamethoxazole drug combination",2011
16248,canada,enterobacteriaceae,"trimethoprim, sulfamethoxazole drug combination",2010
11384,canada,escherichia fergusonii,"trimethoprim, sulfamethoxazole drug combination",2010
20841,canada,klebsiella pneumoniae,"trimethoprim, sulfamethoxazole drug combination",2010-08
13370,canada,pseudomonas aeruginosa,"trimethoprim, sulfamethoxazole drug combination",2015-03
9075,china,acinetobacter baumannii,amikacin,2010-07
9075,china,escherichia coli,amikacin,2010-07
9081,china,staphylococcus capitis,amikacin,2012
3596,china,klebsiella pneumoniae,aminoglycosides,2010-05
9075,china,acinetobacter baumannii,ampicillin,2010-07
23549,china,acinetobacter junii,ampicillin,2012
9075,china,citrobacter freundii,ampicillin,2010-07
9075,china,escherichia coli,ampicillin,2010-07
9733,china,salmonella enterica,ampicillin,2003
9075,china,acinetobacter baumannii,aztreonam,2010-07
3060,china,acinetobacter soli,aztreonam,2014-12
23039,china,aeromonas caviae,aztreonam,2007-10-29
9075,china,citrobacter freundii,aztreonam,2010-07
9075,china,escherichia coli,aztreonam,2010-07
3596,china,klebsiella pneumoniae,beta-lactams,2010-05
23549,china,acinetobacter junii,cefazolin,2012
12359,china,escherichia coli,cefazolin,2011-09
9045,china,klebsiella pneumoniae,cefazolin,2012
22167,china,shigella boydii,cefazolin,2013-10
9075,china,acinetobacter baumannii,cefepime,2010-07
23549,china,acinetobacter junii,cefepime,2012
23039,china,aeromonas caviae,cefepime,2007-10-29
9075,china,citrobacter freundii,cefepime,2010-07
9075,china,escherichia coli,cefepime,2010-07
9045,china,klebsiella pneumoniae,cefepime,2012
9081,china,staphylococcus capitis,cefepime,2012
9075,china,acinetobacter baumannii,cefotaxime,2010-07
23039,china,aeromonas caviae,cefotaxime,2007-10-29
9075,china,citrobacter freundii,cefotaxime,2010-07
9075,china,escherichia coli,cefotaxime,2010-07
9733,china,salmonella enterica,cefotaxime,2003
23549,china,acinetobacter junii,cefotetan,2012
12359,china,escherichia coli,cefotetan,2011-09
9045,china,klebsiella pneumoniae,cefotetan,2012
9075,china,acinetobacter baumannii,cefoxitin,2010-07
23039,china,aeromonas caviae,cefoxitin,2007-10-29
9075,china,citrobacter freundii,cefoxitin,2010-07
9075,china,escherichia coli,cefoxitin,2010-07
9075,china,acinetobacter baumannii,ceftazidime,2010-07
23549,china,acinetobacter junii,ceftazidime,2012
23039,china,aeromonas caviae,ceftazidime,2007-10-29
9075,china,citrobacter freundii,ceftazidime,2010-07
9075,china,escherichia coli,ceftazidime,2010-07
9045,china,klebsiella pneumoniae,ceftazidime,2012
23549,china,acinetobacter junii,ceftriaxone,2012
23039,china,aeromonas caviae,ceftriaxone,2007-10-29
12359,china,escherichia coli,ceftriaxone,2011-09
9045,china,klebsiella pneumoniae,ceftriaxone,2012
9733,china,salmonella enterica,ceftriaxone,2003
22167,china,shigella boydii,ceftriaxone,2013-10
22167,china,shigella boydii,cefuroxime,2013-10
9045,china,klebsiella pneumoniae,cephalosporins,2012
22668,china,salmonella enterica,chloramphenicol,2007
23039,china,aeromonas caviae,ciprofloxacin,2007-10-29
12359,china,escherichia coli,ciprofloxacin,2011-09
22167,china,shigella boydii,ciprofloxacin,2013-10
9081,china,staphylococcus capitis,clindamycin,2012
3060,china,acinetobacter soli,doripenem,2014-12
23491,china,stenotrophomonas maltophilia,doxycycline,2015
9075,china,acinetobacter baumannii,ertapenem,2010-07
23549,china,acinetobacter junii,ertapenem,2012
3060,china,acinetobacter soli,ertapenem,2014-12
9075,china,citrobacter freundii,ertapenem,2010-07
9075,china,escherichia coli,ertapenem,2010-07
9075,china,acinetobacter baumannii,gentamicins,2010-07
23039,china,aeromonas caviae,gentamicins,2007-10-29
9075,china,escherichia coli,gentamicins,2010-07
9733,china,salmonella enterica,gentamicins,2003
9075,china,acinetobacter baumannii,imipenem,2010-07
23549,china,acinetobacter junii,imipenem,2012
3060,china,acinetobacter soli,imipenem,2014-12
9075,china,citrobacter freundii,imipenem,2010-07
9075,china,escherichia coli,imipenem,2010-07
22199,china,klebsiella pneumoniae,imipenem,2013-04
22668,china,salmonella enterica,kanamycin,2007
12359,china,escherichia coli,levofloxacin,2011-09
22167,china,shigella boydii,levofloxacin,2013-10
9081,china,staphylococcus capitis,levofloxacin,2012
9081,china,staphylococcus capitis,linezolid,2012
3613,china,campylobacter,macrolides,2012
3613,china,campylobacter jejuni,macrolides,2012
9075,china,acinetobacter baumannii,meropenem,2010-07
3060,china,acinetobacter soli,meropenem,2014-12
9075,china,citrobacter freundii,meropenem,2010-07
9075,china,escherichia coli,meropenem,2010-07
22199,china,klebsiella pneumoniae,meropenem,2013-04
22668,china,salmonella enterica,nalidixic acid,2007
23549,china,acinetobacter junii,nitrofurantoin,2012
12065,china,escherichia coli,nitrofurantoin,2016
9081,china,staphylococcus capitis,penicillins,2012
9733,china,salmonella enterica,piperacillin,2003
22167,china,shigella boydii,piperacillin,2013-10
23039,china,aeromonas caviae,"piperacillin, tazobactam drug combination",2007-10-29
12359,china,escherichia coli,"piperacillin, tazobactam drug combination",2011-09
9081,china,staphylococcus capitis,"piperacillin, tazobactam drug combination",2012
23491,china,stenotrophomonas maltophilia,"piperacillin, tazobactam drug combination",2015
22668,china,salmonella enterica,sulfamethoxazole,2007
12359,china,escherichia coli,sultamicillin,2011-09
23491,china,stenotrophomonas maltophilia,sultamicillin,2015
12065,china,escherichia coli,tetracycline,2016
9733,china,salmonella enterica,tetracycline,2003
3596,china,klebsiella pneumoniae,tetracyclines,2010-05
12359,china,escherichia coli,tobramycin,2011-09
22668,china,salmonella enterica,trimethoprim,2007
12359,china,escherichia coli,"trimethoprim, sulfamethoxazole drug combination",2011-09
9733,china,salmonella enterica,"trimethoprim, sulfamethoxazole drug combination",2003
23491,china,stenotrophomonas maltophilia,"trimethoprim, sulfamethoxazole drug combination",2015
5934,colombia,klebsiella pneumoniae,cefotaxime,2011-12
9727,colombia,staphylococcus aureus,clindamycin,2009-11-03
5934,colombia,klebsiella pneumoniae,ertapenem,2011-12
661,colombia,staphylococcus aureus,erythromycin,2006
14616,colombia,mycobacterium tuberculosis,ethambutol,2010
9727,colombia,staphylococcus aureus,gentamicins,2009-11-03
14616,colombia,mycobacterium tuberculosis,isoniazid,2010
9727,colombia,staphylococcus aureus,levofloxacin,2009-11-03
5934,colombia,klebsiella pneumoniae,meropenem,2011-12
9727,colombia,staphylococcus aureus,minocycline,2009-11-03
9727,colombia,staphylococcus aureus,moxifloxacin,2009-11-03
14616,colombia,mycobacterium tuberculosis,rifampin,2010
14616,colombia,mycobacterium tuberculosis,streptomycin,2010
661,colombia,staphylococcus aureus,tetracycline,2006
9727,colombia,staphylococcus aureus,"trimethoprim, sulfamethoxazole drug combination",2009-11-03
1786,croatia,klebsiella pneumoniae,amoxicillin,2011-02
15256,croatia,enterobacter cloacae,ampicillin + clavulanic acid,2012-06-18
1786,croatia,klebsiella pneumoniae,cefazolin,2011-02
1786,croatia,klebsiella pneumoniae,cefepime,2011-02
1786,croatia,klebsiella pneumoniae,cefotaxime,2011-02
1786,croatia,klebsiella pneumoniae,cefotaxime + clavulanic acid,2011-02
1786,croatia,klebsiella pneumoniae,ceftazidime,2011-02
1786,croatia,klebsiella pneumoniae,ceftriaxone,2011-02
1786,croatia,klebsiella pneumoniae,cefuroxime,2011-02
15256,croatia,enterobacter cloacae,cephalosporins,2012-06-18
1786,croatia,klebsiella pneumoniae,ertapenem,2011-02
15256,croatia,enterobacter cloacae,gentamicins,2012-06-18
1786,croatia,klebsiella pneumoniae,gentamicins,2011-02
1786,croatia,klebsiella pneumoniae,imipenem,2011-02
1786,croatia,klebsiella pneumoniae,meropenem,2011-02
15256,croatia,enterobacter cloacae,netilmicin,2012-06-18
15256,croatia,enterobacter cloacae,"piperacillin, tazobactam drug combination",2012-06-18
1786,croatia,klebsiella pneumoniae,"piperacillin, tazobactam drug combination",2011-02
15256,croatia,enterobacter cloacae,quinolones,2012-06-18
15256,croatia,enterobacter cloacae,tobramycin,2012-06-18
15256,croatia,enterobacter cloacae,"trimethoprim, sulfamethoxazole drug combination",2012-06-18
1652,cuba,klebsiella pneumoniae,amoxicillin,2014-06
1652,cuba,klebsiella pneumoniae,amoxicillin-potassium clavulanate combination,2014-06
1652,cuba,klebsiella pneumoniae,cefepime,2014-06
1652,cuba,klebsiella pneumoniae,cefotaxime,2014-06
1652,cuba,klebsiella pneumoniae,ceftazidime,2014-06
1652,cuba,klebsiella pneumoniae,piperacillin,2014-06
1652,cuba,klebsiella pneumoniae,"piperacillin, tazobactam drug combination",2014-06
1652,cuba,klebsiella pneumoniae,ticarcillin,2014-06
1652,cuba,klebsiella pneumoniae,ticarcillin-clavulanic acid,2014-06
8950,czech republic,klebsiella pneumoniae,amikacin,2009
8950,czech republic,klebsiella pneumoniae,ampicillin,2009
8950,czech republic,klebsiella pneumoniae,aztreonam,2009
8950,czech republic,klebsiella pneumoniae,cefepime,2009
8950,czech republic,klebsiella pneumoniae,cefoperazone,2009
8950,czech republic,klebsiella pneumoniae,cefotaxime,2009
8950,czech republic,klebsiella pneumoniae,ceftazidime,2009
8950,czech republic,klebsiella pneumoniae,cefuroxime,2009
8950,czech republic,klebsiella pneumoniae,ciprofloxacin,2009
8950,czech republic,klebsiella pneumoniae,imipenem,2009
8950,czech republic,klebsiella pneumoniae,meropenem,2009
8950,czech republic,klebsiella pneumoniae,nalidixic acid,2009
8950,czech republic,klebsiella pneumoniae,piperacillin,2009
8950,czech republic,klebsiella pneumoniae,"piperacillin, tazobactam drug combination",2009
8950,czech republic,klebsiella pneumoniae,sultamicillin,2009
8950,czech republic,klebsiella pneumoniae,tetracycline,2009
8950,czech republic,klebsiella pneumoniae,trimethoprim,2009
8950,czech republic,klebsiella pneumoniae,"trimethoprim, sulfamethoxazole drug combination",2009
7108,denmark,escherichia coli,amoxicillin-potassium clavulanate combination,2013-08
7108,denmark,escherichia coli,ampicillin,2013-08
7108,denmark,escherichia coli,cefoxitin,2013-08
8174,denmark,citrobacter freundii,chloramphenicol,2012-10-31
7108,denmark,escherichia coli,ertapenem,2013-08
7108,denmark,escherichia coli,gentamicins,2013-08
15654,denmark,bacteroides stercoris,metronidazole,2015-02
7108,denmark,escherichia coli,"piperacillin, tazobactam drug combination",2013-08
8174,denmark,citrobacter freundii,sulfonamides,2012-10-31
8174,denmark,citrobacter freundii,trimethoprim,2012-10-31
9937,egypt,acinetobacter baumannii,amikacin,2011
23248,egypt,pseudomonas aeruginosa,amikacin,2012-03
19615,egypt,escherichia coli,amoxicillin,2014-06-16
19615,egypt,escherichia coli,aztreonam,2014-06-16
10450,egypt,klebsiella pneumoniae,beta-lactams,2014-04
9937,egypt,acinetobacter baumannii,cefepime,2011
23248,egypt,pseudomonas aeruginosa,cefepime,2012-03
19615,egypt,escherichia coli,cefoperazone,2014-06-16
19615,egypt,escherichia coli,cefotaxime,2014-06-16
23248,egypt,pseudomonas aeruginosa,cefotaxime,2012-03
9937,egypt,acinetobacter baumannii,ceftazidime,2011
19615,egypt,escherichia coli,ceftazidime,2014-06-16
23248,egypt,pseudomonas aeruginosa,ceftazidime,2012-03
19615,egypt,escherichia coli,ceftriaxone,2014-06-16
9937,egypt,acinetobacter baumannii,chloramphenicol,2011
9937,egypt,acinetobacter baumannii,ciprofloxacin,2011
23248,egypt,pseudomonas aeruginosa,ciprofloxacin,2012-03
23248,egypt,pseudomonas aeruginosa,clavulanic acid + ceftazidime,2012-03
9937,egypt,acinetobacter baumannii,doripenem,2011
19615,egypt,escherichia coli,doripenem,2014-06-16
9937,egypt,acinetobacter baumannii,gentamicins,2011
19615,egypt,escherichia coli,gentamicins,2014-06-16
10450,egypt,klebsiella pneumoniae,gentamicins,2014-04
23248,egypt,pseudomonas aeruginosa,gentamicins,2012-03
9937,egypt,acinetobacter baumannii,imipenem,2011
19615,egypt,escherichia coli,imipenem,2014-06-16
23248,egypt,pseudomonas aeruginosa,imipenem,2012-03
1080,egypt,staphylococcus aureus,linezolid,2007
1080,egypt,streptomyces aureus,linezolid,2007
9937,egypt,acinetobacter baumannii,meropenem,2011
19615,egypt,escherichia coli,meropenem,2014-06-16
19615,egypt,escherichia coli,nalidixic acid,2014-06-16
10450,egypt,klebsiella pneumoniae,nalidixic acid,2014-04
19615,egypt,escherichia coli,norfloxacin,2014-06-16
10450,egypt,klebsiella pneumoniae,norfloxacin,2014-04
23248,egypt,pseudomonas aeruginosa,"piperacillin, tazobactam drug combination",2012-03
19615,egypt,escherichia coli,tetracycline,2014-06-16
10450,egypt,klebsiella pneumoniae,tetracycline,2014-04
9937,egypt,acinetobacter baumannii,tobramycin,2011
1080,egypt,staphylococcus aureus,vancomycin,2007
1080,egypt,streptomyces aureus,vancomycin,2007
15632,finland,klebsiella pneumoniae,amikacin,2009-06
15632,finland,klebsiella pneumoniae,aztreonam,2009-06
15632,finland,klebsiella pneumoniae,cefotaxime,2009-06
15632,finland,klebsiella pneumoniae,ceftazidime,2009-06
15632,finland,klebsiella pneumoniae,colistin,2009-06
15632,finland,klebsiella pneumoniae,doxycycline,2009-06
15632,finland,klebsiella pneumoniae,ertapenem,2009-06
15632,finland,klebsiella pneumoniae,imipenem,2009-06
15632,finland,klebsiella pneumoniae,meropenem,2009-06
15632,finland,klebsiella pneumoniae,minocycline,2009-06
15632,finland,klebsiella pneumoniae,"piperacillin, tazobactam drug combination",2009-06
15632,finland,klebsiella pneumoniae,tigecycline,2009-06
15632,finland,klebsiella pneumoniae,tobramycin,2009-06
8089,france,dyella,amikacin,2017
8089,france,dyella sp. ld14149,amikacin,2017
21824,france,pseudomonas aeruginosa,amikacin,2003-03
2487,france,klebsiella pneumoniae,aminoglycosides,2014-03-10
13772,france,brevundimonas diminuta,amoxicillin,2006-10
13490,france,clostridium botulinum,amoxicillin,2013-02-21
8089,france,dyella,amoxicillin,2017
8089,france,dyella sp. ld14149,amoxicillin,2017
13772,france,ochrobactrum anthropi,amoxicillin,2006-10
15475,france,salmonella enterica,amoxicillin,2013
13772,france,brevundimonas diminuta,amoxicillin-potassium clavulanate combination,2006-10
8089,france,dyella,amoxicillin-potassium clavulanate combination,2017
8089,france,dyella sp. ld14149,amoxicillin-potassium clavulanate combination,2017
13772,france,ochrobactrum anthropi,amoxicillin-potassium clavulanate combination,2006-10
15475,france,salmonella enterica,amoxicillin-potassium clavulanate combination,2013
3910,france,mycoplasma genitalium,azithromycin,2006
10221,france,klebsiella pneumoniae,aztreonam,2003-12-02
21824,france,pseudomonas aeruginosa,aztreonam,2003-03
15475,france,salmonella enterica,aztreonam,2013
2487,france,klebsiella pneumoniae,beta-lactams,2014-03-10
2487,france,klebsiella pneumoniae,carbapenems,2014-03-10
21824,france,pseudomonas aeruginosa,cefepime,2003-03
22437,france,escherichia coli,cefixime,2010-09
22437,france,escherichia coli,cefotaxime,2010-09
737,france,achromobacter xylosoxidans,ceftazidime,2010
13772,france,brevundimonas diminuta,ceftazidime,2006-10
13772,france,ochrobactrum anthropi,ceftazidime,2006-10
21824,france,pseudomonas aeruginosa,ceftazidime,2003-03
15475,france,salmonella enterica,ceftazidime,2013
22437,france,escherichia coli,ceftriaxone,2010-09
13772,france,ochrobactrum anthropi,ceftriaxone,2006-10
15475,france,salmonella enterica,ceftriaxone,2013
13490,france,clostridium botulinum,cephalothin,2013-02-21
22437,france,escherichia coli,cephalothin,2010-09
737,france,achromobacter xylosoxidans,ciprofloxacin,2010
13772,france,brevundimonas diminuta,ciprofloxacin,2006-10
8089,france,dyella,ciprofloxacin,2017
8089,france,dyella sp. ld14149,ciprofloxacin,2017
21824,france,pseudomonas aeruginosa,ciprofloxacin,2003-03
10221,france,klebsiella pneumoniae,clavulanic acid,2003-12-02
15,france,facklamia hominis,clindamycin,2015-01-29
13772,france,brevundimonas diminuta,colistin,2006-10
13772,france,ochrobactrum anthropi,colistin,2006-10
15475,france,salmonella enterica,colistin,2013
6467,france,pseudomonas aeruginosa,doripenem,2012-02
6467,france,pseudomonas aeruginosa,doxycycline,2012-02
2372,france,acinetobacter indicus,ertapenem,2011-08
2487,france,klebsiella pneumoniae,ertapenem,2014-03-10
2487,france,klebsiella pneumoniae,fluoroquinolones,2014-03-10
8089,france,dyella,gentamicins,2017
8089,france,dyella sp. ld14149,gentamicins,2017
21824,france,pseudomonas aeruginosa,gentamicins,2003-03
15475,france,salmonella enterica,gentamicins,2013
737,france,achromobacter xylosoxidans,imipenem,2010
2372,france,acinetobacter indicus,imipenem,2011-08
10221,france,klebsiella pneumoniae,imipenem,2003-12-02
21824,france,pseudomonas aeruginosa,imipenem,2003-03
8089,france,dyella,levofloxacin,2017
8089,france,dyella sp. ld14149,levofloxacin,2017
3910,france,mycoplasma genitalium,macrolides,2006
737,france,achromobacter xylosoxidans,meropenem,2010
2487,france,klebsiella pneumoniae,meropenem,2014-03-10
21824,france,pseudomonas aeruginosa,meropenem,2003-03
13490,france,clostridium botulinum,penicillins,2013-02-21
8089,france,dyella,piperacillin,2017
8089,france,dyella sp. ld14149,piperacillin,2017
8089,france,dyella,"piperacillin, tazobactam drug combination",2017
8089,france,dyella sp. ld14149,"piperacillin, tazobactam drug combination",2017
13772,france,ochrobactrum anthropi,"piperacillin, tazobactam drug combination",2006-10
21824,france,pseudomonas aeruginosa,"piperacillin, tazobactam drug combination",2003-03
10221,france,klebsiella pneumoniae,tazobactam,2003-12-02
13772,france,ochrobactrum anthropi,ticarcillin,2006-10
21824,france,pseudomonas aeruginosa,ticarcillin,2003-03
8089,france,dyella,ticarcillin-clavulanic acid,2017
8089,france,dyella sp. ld14149,ticarcillin-clavulanic acid,2017
13772,france,ochrobactrum anthropi,ticarcillin-clavulanic acid,2006-10
21824,france,pseudomonas aeruginosa,ticarcillin-clavulanic acid,2003-03
6467,france,pseudomonas aeruginosa,tigecycline,2012-02
8089,france,dyella,tobramycin,2017
8089,france,dyella sp. ld14149,tobramycin,2017
21824,france,pseudomonas aeruginosa,tobramycin,2003-03
13772,france,brevundimonas diminuta,"trimethoprim, sulfamethoxazole drug combination",2006-10
2487,france,klebsiella pneumoniae,"trimethoprim, sulfamethoxazole drug combination",2014-03-10
8181,germany,enterobacter cloacae,amoxicillin,2011
8181,germany,enterobacter cloacae,amoxicillin-potassium clavulanate combination,2011
7585,germany,escherichia coli,amoxicillin-potassium clavulanate combination,2012-08
7585,germany,escherichia coli,ampicillin,2012-08
7585,germany,escherichia coli,aztreonam,2012-08
7585,germany,escherichia coli,cefepime,2012-08
8181,germany,enterobacter cloacae,cefotaxime,2011
7585,germany,escherichia coli,cefotaxime,2012-08
8181,germany,enterobacter cloacae,ceftazidime,2011
7585,germany,escherichia coli,ceftazidime,2012-08
7585,germany,escherichia coli,cefuroxime,2012-08
18631,germany,corynebacterium jeikeium,daptomycin,2007
7585,germany,escherichia coli,doripenem,2012-08
8181,germany,enterobacter cloacae,ertapenem,2011
7585,germany,escherichia coli,ertapenem,2012-08
7585,germany,escherichia coli,imipenem,2012-08
7585,germany,escherichia coli,meropenem,2012-08
8181,germany,enterobacter cloacae,piperacillin,2011
8181,germany,enterobacter cloacae,"piperacillin, tazobactam drug combination",2011
7585,germany,escherichia coli,"piperacillin, tazobactam drug combination",2012-08
7585,germany,escherichia coli,sultamicillin,2012-08
10248,greece,bacteroides fragilis,amikacin,2006
21149,greece,klebsiella pneumoniae,amoxicillin,2008
21149,greece,klebsiella pneumoniae,amoxicillin-potassium clavulanate combination,2008
21149,greece,klebsiella pneumoniae,aztreonam,2008
21149,greece,klebsiella pneumoniae,cefepime,2008
21149,greece,klebsiella pneumoniae,cefotaxime,2008
21149,greece,klebsiella pneumoniae,cefoxitin,2008
21149,greece,klebsiella pneumoniae,ceftazidime,2008
10248,greece,bacteroides fragilis,ciprofloxacin,2006
3529,greece,corynebacterium striatum,ciprofloxacin,2016
3529,greece,corynebacterium striatum,clindamycin,2016
869,greece,klebsiella pneumoniae,colistin,2003-05
21149,greece,klebsiella pneumoniae,ertapenem,2008
15946,greece,neisseria lactamica,erythromycin,2008
10248,greece,bacteroides fragilis,gentamicins,2006
3529,greece,corynebacterium striatum,gentamicins,2016
15936,greece,escherichia coli,imipenem,2011
21149,greece,klebsiella pneumoniae,imipenem,2008
5449,greece,providencia stuartii,imipenem,2011-09-02
10246,greece,mycobacterium tuberculosis,isoniazid,2013
15936,greece,escherichia coli,meropenem,2011
21149,greece,klebsiella pneumoniae,meropenem,2008
5449,greece,providencia stuartii,meropenem,2011-09-02
3529,greece,corynebacterium striatum,moxifloxacin,2016
3529,greece,corynebacterium striatum,penicillin g,2016
15946,greece,neisseria lactamica,penicillins,2008
21149,greece,klebsiella pneumoniae,piperacillin,2008
21149,greece,klebsiella pneumoniae,"piperacillin, tazobactam drug combination",2008
10248,greece,bacteroides fragilis,tobramycin,2006
7945,india,brevundimonas vesicularis,amikacin,2014
5183,india,corynebacterium macginleyi,amikacin,2010
5553,india,kocuria kristinae,amikacin,2013
10445,india,pseudomonas aeruginosa,amikacin,2011-08
10443,india,ralstonia pickettii,amikacin,2012-11
17649,india,rothia mucilaginosa,amikacin,2008
7945,india,brevundimonas vesicularis,amoxicillin,2014
10020,india,klebsiella pneumoniae,amoxicillin,2010-03
5553,india,kocuria kristinae,amoxicillin,2013
7945,india,brevundimonas vesicularis,amoxicillin-potassium clavulanate combination,2014
10020,india,klebsiella pneumoniae,amoxicillin-potassium clavulanate combination,2010-03
5183,india,corynebacterium macginleyi,ampicillin,2010
17649,india,rothia mucilaginosa,ampicillin,2008
13465,india,salmonella enterica,ampicillin,2013-07
7945,india,brevundimonas vesicularis,aztreonam,2014
13465,india,salmonella enterica,aztreonam,2013-07
17649,india,rothia mucilaginosa,cefazolin,2008
10445,india,pseudomonas aeruginosa,cefepime,2011-08
10443,india,ralstonia pickettii,cefepime,2012-11
7945,india,brevundimonas vesicularis,cefoperazone,2014
7945,india,brevundimonas vesicularis,cefoperazone + sulbactam,2014
10445,india,pseudomonas aeruginosa,cefoperazone + sulbactam,2011-08
10443,india,ralstonia pickettii,cefoperazone + sulbactam,2012-11
7945,india,brevundimonas vesicularis,cefotaxime,2014
2067,india,proteus mirabilis,cefotaxime,2011
13465,india,salmonella enterica,cefotaxime,2013-07
7945,india,brevundimonas vesicularis,cefoxitin,2014
13399,india,staphylococcus haemolyticus,cefoxitin,2016
7945,india,brevundimonas vesicularis,ceftazidime,2014
1806,india,burkholderia pseudomallei,ceftazidime,2012
10020,india,klebsiella pneumoniae,ceftazidime,2010-03
5553,india,kocuria kristinae,ceftazidime,2013
2067,india,proteus mirabilis,ceftazidime,2011
10445,india,pseudomonas aeruginosa,ceftazidime,2011-08
10443,india,ralstonia pickettii,ceftazidime,2012-11
13465,india,salmonella enterica,ceftazidime,2013-07
10020,india,klebsiella pneumoniae,ceftriaxone,2010-03
5553,india,kocuria kristinae,ceftriaxone,2013
2067,india,proteus mirabilis,ceftriaxone,2011
10445,india,pseudomonas aeruginosa,ceftriaxone,2011-08
10443,india,ralstonia pickettii,ceftriaxone,2012-11
13465,india,salmonella enterica,ceftriaxone,2013-07
13015,india,vibrio cholerae,ceftriaxone,2012
10020,india,klebsiella pneumoniae,cefuroxime,2010-03
5183,india,corynebacterium macginleyi,cephalosporins,2010
17169,india,staphylococcus haemolyticus,chloramphenicol,2012
5553,india,kocuria kristinae,ciprofloxacin,2013
2067,india,proteus mirabilis,ciprofloxacin,2011
10445,india,pseudomonas aeruginosa,ciprofloxacin,2011-08
17649,india,rothia mucilaginosa,ciprofloxacin,2008
5553,india,kocuria kristinae,clavulanic acid,2013
17169,india,staphylococcus haemolyticus,clindamycin,2012
7945,india,brevundimonas vesicularis,colistin,2014
7945,india,brevundimonas vesicularis,ertapenem,2014
10020,india,klebsiella pneumoniae,ertapenem,2010-03
5553,india,kocuria kristinae,erythromycin,2013
17649,india,rothia mucilaginosa,erythromycin,2008
13399,india,staphylococcus haemolyticus,erythromycin,2016
7945,india,brevundimonas vesicularis,gentamicins,2014
10020,india,klebsiella pneumoniae,gentamicins,2010-03
5553,india,kocuria kristinae,gentamicins,2013
10445,india,pseudomonas aeruginosa,gentamicins,2011-08
10443,india,ralstonia pickettii,gentamicins,2012-11
17649,india,rothia mucilaginosa,gentamicins,2008
13399,india,staphylococcus haemolyticus,gentamicins,2016
7945,india,brevundimonas vesicularis,imipenem,2014
18437,india,burkholderia cenocepacia,imipenem,2011
10020,india,klebsiella pneumoniae,imipenem,2010-03
5553,india,kocuria kristinae,imipenem,2013
10445,india,pseudomonas aeruginosa,imipenem,2011-08
7945,india,brevundimonas vesicularis,levofloxacin,2014
10445,india,pseudomonas aeruginosa,levofloxacin,2011-08
10443,india,ralstonia pickettii,levofloxacin,2012-11
17169,india,staphylococcus haemolyticus,linezolid,2012
5183,india,corynebacterium macginleyi,macrolides,2010
7945,india,brevundimonas vesicularis,meropenem,2014
10020,india,klebsiella pneumoniae,meropenem,2010-03
5553,india,kocuria kristinae,meropenem,2013
10445,india,pseudomonas aeruginosa,meropenem,2011-08
10445,india,pseudomonas aeruginosa,moxifloxacin,2011-08
10443,india,ralstonia pickettii,moxifloxacin,2012-11
2067,india,proteus mirabilis,nalidixic acid,2011
13465,india,salmonella enterica,nalidixic acid,2013-07
7945,india,brevundimonas vesicularis,netilmicin,2014
7945,india,brevundimonas vesicularis,norfloxacin,2014
2067,india,proteus mirabilis,norfloxacin,2011
5553,india,kocuria kristinae,oxacillin,2013
17649,india,rothia mucilaginosa,oxacillin,2008
17169,india,staphylococcus haemolyticus,oxacillin,2012
5553,india,kocuria kristinae,penicillins,2013
13399,india,staphylococcus haemolyticus,penicillins,2016
10445,india,pseudomonas aeruginosa,"piperacillin, tazobactam drug combination",2011-08
10443,india,ralstonia pickettii,"piperacillin, tazobactam drug combination",2012-11
5183,india,corynebacterium macginleyi,quinolones,2010
5553,india,kocuria kristinae,sulfamethoxazole,2013
10445,india,pseudomonas aeruginosa,sultamicillin,2011-08
10443,india,ralstonia pickettii,sultamicillin,2012-11
5183,india,corynebacterium macginleyi,tetracycline,2010
10445,india,pseudomonas aeruginosa,tetracycline,2011-08
17649,india,rothia mucilaginosa,tetracycline,2008
10445,india,pseudomonas aeruginosa,ticarcillin,2011-08
10443,india,ralstonia pickettii,ticarcillin,2012-11
10445,india,pseudomonas aeruginosa,tigecycline,2011-08
7945,india,brevundimonas vesicularis,tobramycin,2014
10020,india,klebsiella pneumoniae,tobramycin,2010-03
10445,india,pseudomonas aeruginosa,tobramycin,2011-08
10443,india,ralstonia pickettii,tobramycin,2012-11
5553,india,kocuria kristinae,trimethoprim,2013
10445,india,pseudomonas aeruginosa,"trimethoprim, sulfamethoxazole drug combination",2011-08
10443,india,ralstonia pickettii,"trimethoprim, sulfamethoxazole drug combination",2012-11
17649,india,rothia mucilaginosa,"trimethoprim, sulfamethoxazole drug combination",2008
13465,india,salmonella enterica,"trimethoprim, sulfamethoxazole drug combination",2013-07
5553,india,kocuria kristinae,vancomycin,2013
7090,indonesia,staphylococcus aureus,cefotaxime,2011-01
7090,indonesia,staphylococcus aureus,cefoxitin,2011-01
7090,indonesia,staphylococcus aureus,ciprofloxacin,2011-01
7090,indonesia,staphylococcus aureus,gentamicins,2011-01
18946,iran,klebsiella pneumoniae,amikacin,2011-03
9,iran,helicobacter pylori,amoxicillin,2010
20350,iran,shewanella algae,amoxicillin,2010-12
19196,iran,nocardia cyriacigeorgica,amoxicillin-potassium clavulanate combination,2011
20373,iran,shigella boydii,amoxicillin-potassium clavulanate combination,2008-09
20373,iran,shigella dysenteriae,amoxicillin-potassium clavulanate combination,2008-09
20373,iran,shigella flexneri,amoxicillin-potassium clavulanate combination,2008-09
20373,iran,shigella sonnei,amoxicillin-potassium clavulanate combination,2008-09
19196,iran,nocardia cyriacigeorgica,ampicillin,2011
20350,iran,shewanella algae,ampicillin,2010-12
20373,iran,shigella boydii,ampicillin,2008-09
20373,iran,shigella dysenteriae,ampicillin,2008-09
20373,iran,shigella flexneri,ampicillin,2008-09
20373,iran,shigella sonnei,ampicillin,2008-09
18946,iran,klebsiella pneumoniae,aztreonam,2011-03
18946,iran,klebsiella pneumoniae,cefepime,2011-03
18946,iran,klebsiella pneumoniae,cefotaxime,2011-03
20373,iran,shigella boydii,cefotaxime,2008-09
20373,iran,shigella dysenteriae,cefotaxime,2008-09
20373,iran,shigella flexneri,cefotaxime,2008-09
20373,iran,shigella sonnei,cefotaxime,2008-09
18946,iran,klebsiella pneumoniae,ceftazidime,2011-03
20373,iran,shigella boydii,ceftiofur,2008-09
20373,iran,shigella dysenteriae,ceftiofur,2008-09
20373,iran,shigella flexneri,ceftiofur,2008-09
20373,iran,shigella sonnei,ceftiofur,2008-09
20350,iran,shewanella algae,ceftizoxime,2010-12
20350,iran,shewanella algae,cephalexin,2010-12
20350,iran,shewanella algae,cephalothin,2010-12
20373,iran,shigella boydii,chloramphenicol,2008-09
20373,iran,shigella dysenteriae,chloramphenicol,2008-09
20373,iran,shigella flexneri,chloramphenicol,2008-09
9,iran,helicobacter pylori,ciprofloxacin,2010
18946,iran,klebsiella pneumoniae,ciprofloxacin,2011-03
19196,iran,nocardia cyriacigeorgica,ciprofloxacin,2011
20373,iran,shigella boydii,ciprofloxacin,2008-09
20373,iran,shigella dysenteriae,ciprofloxacin,2008-09
20373,iran,shigella flexneri,ciprofloxacin,2008-09
9,iran,helicobacter pylori,clarithromycin,2010
19196,iran,nocardia cyriacigeorgica,clarithromycin,2011
20350,iran,shewanella algae,doxycycline,2010-12
18946,iran,klebsiella pneumoniae,ertapenem,2011-03
9,iran,helicobacter pylori,erythromycin,2010
16837,iran,mycobacterium europaeum,ethambutol,2009
9,iran,helicobacter pylori,furazolidone,2010
20373,iran,shigella boydii,gentamicins,2008-09
20373,iran,shigella dysenteriae,gentamicins,2008-09
20373,iran,shigella flexneri,gentamicins,2008-09
20373,iran,shigella sonnei,gentamicins,2008-09
18946,iran,klebsiella pneumoniae,imipenem,2011-03
18946,iran,klebsiella pneumoniae,kanamycin,2011-03
19196,iran,nocardia cyriacigeorgica,kanamycin,2011
18946,iran,klebsiella pneumoniae,meropenem,2011-03
9,iran,helicobacter pylori,metronidazole,2010
20373,iran,shigella boydii,nalidixic acid,2008-09
20373,iran,shigella dysenteriae,nalidixic acid,2008-09
20373,iran,shigella flexneri,nalidixic acid,2008-09
20373,iran,shigella sonnei,nalidixic acid,2008-09
20373,iran,shigella boydii,neomycin,2008-09
20373,iran,shigella dysenteriae,neomycin,2008-09
20373,iran,shigella flexneri,neomycin,2008-09
20373,iran,shigella sonnei,neomycin,2008-09
19196,iran,nocardia cyriacigeorgica,penicillin g,2011
20373,iran,shigella boydii,spectinomycin,2008-09
20373,iran,shigella dysenteriae,spectinomycin,2008-09
20373,iran,shigella flexneri,spectinomycin,2008-09
20373,iran,shigella sonnei,spectinomycin,2008-09
20373,iran,shigella boydii,streptomycin,2008-09
20373,iran,shigella dysenteriae,streptomycin,2008-09
20373,iran,shigella flexneri,streptomycin,2008-09
20373,iran,shigella sonnei,streptomycin,2008-09
20373,iran,shigella boydii,sulfamethoxazole,2008-09
20373,iran,shigella dysenteriae,sulfamethoxazole,2008-09
20373,iran,shigella flexneri,sulfamethoxazole,2008-09
20373,iran,shigella sonnei,sulfamethoxazole,2008-09
9,iran,helicobacter pylori,tetracycline,2010
20350,iran,shewanella algae,tetracycline,2010-12
20373,iran,shigella boydii,tetracycline,2008-09
20373,iran,shigella dysenteriae,tetracycline,2008-09
20373,iran,shigella flexneri,tetracycline,2008-09
20373,iran,shigella sonnei,tetracycline,2008-09
20373,iran,shigella boydii,trimethoprim,2008-09
20373,iran,shigella dysenteriae,trimethoprim,2008-09
20373,iran,shigella flexneri,trimethoprim,2008-09
20373,iran,shigella sonnei,trimethoprim,2008-09
18946,iran,klebsiella pneumoniae,"trimethoprim, sulfamethoxazole drug combination",2011-03
20350,iran,shewanella algae,vancomycin,2010-12
13548,ireland,klebsiella pneumoniae,amikacin,2011-05
4776,ireland,aeromonas,amoxicillin-potassium clavulanate combination,2007
2389,ireland,enterobacter asburiae,amoxicillin-potassium clavulanate combination,2013-03
13548,ireland,klebsiella pneumoniae,amoxicillin-potassium clavulanate combination,2011-05
4776,ireland,aeromonas,ampicillin,2007
2389,ireland,enterobacter asburiae,ampicillin,2013-03
13548,ireland,klebsiella pneumoniae,ampicillin,2011-05
13548,ireland,klebsiella pneumoniae,aztreonam,2011-05
4776,ireland,aeromonas,cefotaxime,2007
13548,ireland,klebsiella pneumoniae,cefotaxime,2011-05
2389,ireland,enterobacter asburiae,cefoxitin,2013-03
13548,ireland,klebsiella pneumoniae,cefoxitin,2011-05
13548,ireland,klebsiella pneumoniae,cefpodoxime,2011-05
13548,ireland,klebsiella pneumoniae,ceftazidime,2011-05
4776,ireland,aeromonas,cephradine,2007
15331,ireland,staphylococcus epidermidis,ciprofloxacin,2013-04
15331,ireland,staphylococcus epidermidis,clindamycin,2013-04
2389,ireland,enterobacter asburiae,colistin,2013-03
2389,ireland,enterobacter asburiae,ertapenem,2013-03
2389,ireland,enterobacter asburiae,fosfomycin,2013-03
13548,ireland,klebsiella pneumoniae,gentamicins,2011-05
15331,ireland,staphylococcus epidermidis,gentamicins,2013-04
2389,ireland,enterobacter asburiae,imipenem,2013-03
13548,ireland,klebsiella pneumoniae,kanamycin,2011-05
15331,ireland,staphylococcus epidermidis,linezolid,2013-04
2389,ireland,enterobacter asburiae,meropenem,2013-03
13548,ireland,klebsiella pneumoniae,nalidixic acid,2011-05
15331,ireland,staphylococcus epidermidis,oxacillin,2013-04
15331,ireland,staphylococcus epidermidis,penicillins,2013-04
13548,ireland,klebsiella pneumoniae,"piperacillin, tazobactam drug combination",2011-05
15331,ireland,staphylococcus epidermidis,rifampin,2013-04
13548,ireland,klebsiella pneumoniae,streptomycin,2011-05
13548,ireland,klebsiella pneumoniae,sulfonamides,2011-05
13548,ireland,klebsiella pneumoniae,trimethoprim,2011-05
1874,israel,klebsiella pneumoniae,amikacin,2009
14906,israel,escherichia coli,carbapenems,2005-02
1874,israel,klebsiella pneumoniae,carbapenems,2009
1874,israel,klebsiella pneumoniae,cephalosporins,2009
14906,israel,escherichia coli,imipenem,2005-02
1874,israel,klebsiella pneumoniae,"piperacillin, tazobactam drug combination",2009
1874,israel,klebsiella pneumoniae,quinolones,2009
4519,italy,escherichia coli,amikacin,2009-10
3095,italy,pseudomonas aeruginosa,amikacin,2013-05
18470,italy,enterococcus raffinosus,amoxicillin-potassium clavulanate combination,2007-01
4519,italy,escherichia coli,amoxicillin-potassium clavulanate combination,2009-10
14287,italy,nocardia paucivorans,amoxicillin-potassium clavulanate combination,2015
18470,italy,enterococcus raffinosus,ampicillin,2007-01
4519,italy,escherichia coli,ampicillin,2009-10
15760,italy,oligella ureolytica,ampicillin,2015-06
3095,italy,pseudomonas aeruginosa,aztreonam,2013-05
18470,italy,enterococcus raffinosus,carbapenems,2007-01
7369,italy,escherichia coli,carbapenems,2014-01-15
4519,italy,escherichia coli,cefepime,2009-10
3095,italy,pseudomonas aeruginosa,cefepime,2013-05
18470,italy,enterococcus raffinosus,cefotaxime,2007-01
4519,italy,escherichia coli,cefotaxime,2009-10
4519,italy,escherichia coli,ceftazidime,2009-10
3095,italy,pseudomonas aeruginosa,ceftazidime,2013-05
1566,italy,listeria monocytogenes,ceftriaxone,2015
15760,italy,oligella ureolytica,ceftriaxone,2015-06
18470,italy,enterococcus raffinosus,ciprofloxacin,2007-01
3095,italy,pseudomonas aeruginosa,ciprofloxacin,2013-05
18470,italy,enterococcus raffinosus,clindamycin,2007-01
1566,italy,listeria monocytogenes,clindamycin,2015
4519,italy,escherichia coli,doripenem,2009-10
4519,italy,escherichia coli,ertapenem,2009-10
18470,italy,enterococcus raffinosus,erythromycin,2007-01
18470,italy,enterococcus raffinosus,gentamicins,2007-01
3095,italy,pseudomonas aeruginosa,gentamicins,2013-05
4519,italy,escherichia coli,imipenem,2009-10
3095,italy,pseudomonas aeruginosa,imipenem,2013-05
4519,italy,escherichia coli,levofloxacin,2009-10
3095,italy,pseudomonas aeruginosa,levofloxacin,2013-05
4519,italy,escherichia coli,meropenem,2009-10
3095,italy,pseudomonas aeruginosa,meropenem,2013-05
18470,italy,enterococcus raffinosus,penicillins,2007-01
4167,italy,streptococcus constellatus,penicillins,2012
4519,italy,escherichia coli,piperacillin,2009-10
3095,italy,pseudomonas aeruginosa,piperacillin,2013-05
18470,italy,enterococcus raffinosus,"piperacillin, tazobactam drug combination",2007-01
4519,italy,escherichia coli,"piperacillin, tazobactam drug combination",2009-10
18470,italy,enterococcus raffinosus,prulifloxacin,2007-01
18470,italy,enterococcus raffinosus,sultamicillin,2007-01
18470,italy,enterococcus raffinosus,tetracycline,2007-01
1566,italy,listeria monocytogenes,tetracycline,2015
19568,italy,staphylococcus aureus,tetracycline,2008-04
18470,italy,enterococcus raffinosus,"trimethoprim, sulfamethoxazole drug combination",2007-01
4519,italy,escherichia coli,"trimethoprim, sulfamethoxazole drug combination",2009-10
1566,italy,listeria monocytogenes,"trimethoprim, sulfamethoxazole drug combination",2015
6737,japan,achromobacter xylosoxidans,amikacin,2007-05
14823,japan,acinetobacter baumannii,amikacin,2011-02-03
10300,japan,delftia acidovorans,amikacin,2011
21029,japan,helicobacter cinaedi,amoxicillin,2016
11176,japan,nocardia mexicana,amoxicillin-potassium clavulanate combination,2016
21029,japan,helicobacter cinaedi,ampicillin,2016
14404,japan,neisseria gonorrhoeae,azithromycin,2013
6737,japan,achromobacter xylosoxidans,aztreonam,2007-05
14823,japan,acinetobacter baumannii,aztreonam,2011-02-03
18158,japan,klebsiella pneumoniae,carbapenems,2012-05-23
21029,japan,helicobacter cinaedi,carbenicillin,2016
6737,japan,achromobacter xylosoxidans,cefepime,2007-05
10300,japan,delftia acidovorans,cefepime,2011
21029,japan,helicobacter cinaedi,cefepime,2016
6737,japan,achromobacter xylosoxidans,cefozopran,2007-05
10300,japan,delftia acidovorans,cefozopran,2011
6737,japan,achromobacter xylosoxidans,cefpodoxime,2007-05
6737,japan,achromobacter xylosoxidans,cefpodoxime proxetil,2007-05
12188,japan,pseudomonas stutzeri,ceftazidime,2014
6737,japan,achromobacter xylosoxidans,ceftriaxone,2007-05
21029,japan,helicobacter cinaedi,ceftriaxone,2016
6737,japan,achromobacter xylosoxidans,ciprofloxacin,2007-05
14823,japan,acinetobacter baumannii,ciprofloxacin,2011-02-03
14404,japan,neisseria gonorrhoeae,ciprofloxacin,2013
11176,japan,nocardia mexicana,ciprofloxacin,2016
12188,japan,pseudomonas stutzeri,ciprofloxacin,2014
11176,japan,nocardia mexicana,clarithromycin,2016
8653,japan,streptococcus pneumoniae,clarithromycin,2001-12-25
2418,japan,staphylococcus aureus,daptomycin,2012
11176,japan,nocardia mexicana,doxycycline,2016
8619,japan,staphylococcus aureus,erythromycin,2008-10
8653,japan,streptococcus pneumoniae,erythromycin,2001-12-25
6737,japan,achromobacter xylosoxidans,flomoxef,2007-05
6737,japan,achromobacter xylosoxidans,gentamicins,2007-05
10300,japan,delftia acidovorans,gentamicins,2011
11176,japan,nocardia mexicana,gentamicins,2016
12188,japan,pseudomonas stutzeri,gentamicins,2014
2418,japan,staphylococcus aureus,gentamicins,2012
6737,japan,achromobacter xylosoxidans,imipenem,2007-05
14823,japan,acinetobacter baumannii,imipenem,2011-02-03
18158,japan,klebsiella pneumoniae,imipenem,2012-05-23
12188,japan,pseudomonas stutzeri,levofloxacin,2014
6737,japan,achromobacter xylosoxidans,meropenem,2007-05
14823,japan,acinetobacter baumannii,meropenem,2011-02-03
18158,japan,klebsiella pneumoniae,meropenem,2012-05-23
6737,japan,achromobacter xylosoxidans,minocycline,2007-05
11176,japan,nocardia mexicana,minocycline,2016
2418,japan,staphylococcus aureus,oxacillin,2012
8653,japan,streptococcus pneumoniae,penicillin g,2001-12-25
10300,japan,delftia acidovorans,piperacillin,2011
14740,japan,escherichia coli,piperacillin,2012-11
21029,japan,helicobacter cinaedi,piperacillin,2016
14740,japan,klebsiella pneumoniae,piperacillin,2012-11
21029,japan,helicobacter cinaedi,"piperacillin, tazobactam drug combination",2016
2418,japan,staphylococcus aureus,rifampin,2012
14740,japan,escherichia coli,tazobactam,2012-11
14740,japan,klebsiella pneumoniae,tazobactam,2012-11
8653,japan,streptococcus pneumoniae,telithromycin,2001-12-25
6737,japan,achromobacter xylosoxidans,tobramycin,2007-05
10300,japan,delftia acidovorans,tobramycin,2011
11176,japan,nocardia mexicana,tobramycin,2016
11176,japan,nocardia mexicana,"trimethoprim, sulfamethoxazole drug combination",2016
2418,japan,staphylococcus aureus,vancomycin,2012
10300,japan,delftia acidovorans,zidovudine,2011
16726,kenya,klebsiella pneumoniae,doripenem,2007
16726,kenya,klebsiella pneumoniae,ertapenem,2007
16726,kenya,klebsiella pneumoniae,imipenem,2007
16726,kenya,klebsiella pneumoniae,meropenem,2007
16726,kenya,klebsiella pneumoniae,rifampin,2007
5251,kuwait,salmonella enterica,ampicillin,2006
5251,kuwait,salmonella enterica,cefotaxime,2006
5251,kuwait,salmonella enterica,ceftazidime,2006
5251,kuwait,salmonella enterica,ceftriaxone,2006
4641,lebanon,klebsiella pneumoniae,aztreonam,2007-08-13
4641,lebanon,klebsiella pneumoniae,cefepime,2007-08-13
4641,lebanon,klebsiella pneumoniae,cefotaxime,2007-08-13
4641,lebanon,klebsiella pneumoniae,cefoxitin,2007-08-13
4641,lebanon,klebsiella pneumoniae,cefpodoxime,2007-08-13
17121,lebanon,acinetobacter baumannii,ceftazidime,2012-05-29
4641,lebanon,klebsiella pneumoniae,ceftazidime,2007-08-13
4641,lebanon,klebsiella pneumoniae,ceftriaxone,2007-08-13
17121,lebanon,acinetobacter baumannii,ciprofloxacin,2012-05-29
4641,lebanon,klebsiella pneumoniae,ciprofloxacin,2007-08-13
4641,lebanon,klebsiella pneumoniae,clavulanic acid,2007-08-13
17121,lebanon,acinetobacter baumannii,doripenem,2012-05-29
5774,lebanon,klebsiella pneumoniae,doripenem,2010-07
5774,lebanon,escherichia coli,ertapenem,2010-07
17121,lebanon,acinetobacter baumannii,imipenem,2012-05-29
360,lebanon,acinetobacter pittii,imipenem,2015
5774,lebanon,escherichia coli,imipenem,2010-07
4641,lebanon,klebsiella pneumoniae,imipenem,2007-08-13
14751,lebanon,streptococcus pneumoniae,levofloxacin,2006-09
17121,lebanon,acinetobacter baumannii,meropenem,2012-05-29
360,lebanon,acinetobacter pittii,meropenem,2015
5774,lebanon,escherichia coli,meropenem,2010-07
4641,lebanon,klebsiella pneumoniae,piperacillin,2007-08-13
4641,lebanon,klebsiella pneumoniae,"piperacillin, tazobactam drug combination",2007-08-13
16713,malaysia,enterococcus faecium,vancomycin,2008-08
15378,mexico,enterococcus faecium,amoxicillin-potassium clavulanate combination,2009-07
15378,mexico,enterococcus faecium,ampicillin,2009-07
15378,mexico,enterococcus faecium,chloramphenicol,2009-07
15378,mexico,enterococcus faecium,ciprofloxacin,2009-07
15378,mexico,enterococcus faecium,clindamycin,2009-07
15378,mexico,enterococcus faecium,erythromycin,2009-07
15378,mexico,enterococcus faecium,gentamicins,2009-07
15378,mexico,enterococcus faecium,rifampin,2009-07
15378,mexico,enterococcus faecium,streptomycin,2009-07
15378,mexico,enterococcus faecium,teicoplanin,2009-07
15378,mexico,enterococcus faecium,vancomycin,2009-07
16715,morocco,klebsiella pneumoniae,ertapenem,2011
20332,nepal,providencia rettgeri,amikacin,2012-05
20331,nepal,escherichia coli,ampicillin,2012
20332,nepal,providencia rettgeri,arbekacin,2012-05
20331,nepal,escherichia coli,aztreonam,2012
20332,nepal,providencia rettgeri,aztreonam,2012-05
20331,nepal,escherichia coli,cefepime,2012
20332,nepal,providencia rettgeri,cefepime,2012-05
20331,nepal,escherichia coli,cefotaxime,2012
20331,nepal,escherichia coli,cefoxitin,2012
20331,nepal,escherichia coli,ceftazidime,2012
20332,nepal,providencia rettgeri,ceftazidime,2012-05
20331,nepal,escherichia coli,cephradine,2012
20332,nepal,providencia rettgeri,ciprofloxacin,2012-05
20332,nepal,providencia rettgeri,colistin,2012-05
20332,nepal,providencia rettgeri,doripenem,2012-05
20332,nepal,providencia rettgeri,fosfomycin,2012-05
20332,nepal,providencia rettgeri,gentamicins,2012-05
20331,nepal,escherichia coli,imipenem,2012
20332,nepal,providencia rettgeri,imipenem,2012-05
20331,nepal,escherichia coli,meropenem,2012
20332,nepal,providencia rettgeri,meropenem,2012-05
20331,nepal,escherichia coli,penicillin g,2012
20331,nepal,escherichia coli,piperacillin,2012
20332,nepal,providencia rettgeri,piperacillin,2012-05
20331,nepal,escherichia coli,"piperacillin, tazobactam drug combination",2012
20332,nepal,providencia rettgeri,"piperacillin, tazobactam drug combination",2012-05
20331,nepal,escherichia coli,sultamicillin,2012
20331,nepal,escherichia coli,ticarcillin,2012
20331,nepal,escherichia coli,ticarcillin-clavulanic acid,2012
20332,nepal,providencia rettgeri,tigecycline,2012-05
21464,netherlands,actinotignum schaalii,amoxicillin,2013
21464,netherlands,actinotignum schaalii,amoxicillin-potassium clavulanate combination,2013
21479,netherlands,neisseria gonorrhoeae,cefotaxime,2012-11
21464,netherlands,actinotignum schaalii,ciprofloxacin,2013
21479,netherlands,neisseria gonorrhoeae,ciprofloxacin,2012-11
21464,netherlands,actinotignum schaalii,trimethoprim,2013
7437,new zealand,mycobacterium tuberculosis,amikacin,2010-03
7437,new zealand,mycobacterium tuberculosis,capreomycin,2010-03
4379,new zealand,staphylococcus saprophyticus,cefoxitin,2013-01
4379,new zealand,staphylococcus saprophyticus,erythromycin,2013-01
7437,new zealand,mycobacterium tuberculosis,ethionamide,2010-03
4379,new zealand,staphylococcus saprophyticus,fusidic acid,2013-01
7437,new zealand,mycobacterium tuberculosis,isoniazid,2010-03
4379,new zealand,staphylococcus saprophyticus,methicillin,2013-01
4379,new zealand,staphylococcus saprophyticus,mupirocin,2013-01
7437,new zealand,mycobacterium tuberculosis,ofloxacin,2010-03
4379,new zealand,staphylococcus saprophyticus,oxacillin,2013-01
4379,new zealand,staphylococcus saprophyticus,penicillins,2013-01
7437,new zealand,mycobacterium tuberculosis,pyrazinamide,2010-03
7437,new zealand,mycobacterium tuberculosis,rifampin,2010-03
4379,new zealand,staphylococcus saprophyticus,trimethoprim,2013-01
4379,new zealand,staphylococcus saprophyticus,"trimethoprim, sulfamethoxazole drug combination",2013-01
10209,nigeria,klebsiella aerogenes,ampicillin,1999-11-08
10209,nigeria,klebsiella aerogenes,ampicillin + clavulanic acid,1999-11-08
10209,nigeria,klebsiella aerogenes,ceftazidime,1999-11-08
10209,nigeria,klebsiella aerogenes,clavulanic acid + ceftazidime,1999-11-08
10209,nigeria,klebsiella aerogenes,gentamicins,1999-11-08
10209,nigeria,klebsiella aerogenes,tobramycin,1999-11-08
8515,norway,salmonella enterica,ampicillin,2015
21348,norway,neisseria gonorrhoeae,cefixime,2010-07
8515,norway,salmonella enterica,cefotaxime,2015
8515,norway,salmonella enterica,cefpodoxime,2015
8515,norway,salmonella enterica,ceftazidime,2015
8515,norway,salmonella enterica,ceftiofur,2015
8515,norway,salmonella enterica,ceftriaxone,2015
21348,norway,neisseria gonorrhoeae,ciprofloxacin,2010-07
8515,norway,salmonella enterica,gentamicins,2015
8515,norway,salmonella enterica,streptomycin,2015
8515,norway,salmonella enterica,tetracycline,2015
8515,norway,salmonella enterica,trimethoprim,2015
18438,pakistan,shigella flexneri,amoxicillin-potassium clavulanate combination,2010
18438,pakistan,shigella flexneri,ampicillin,2010
14233,pakistan,salmonella enterica,azithromycin,2010
18438,pakistan,shigella flexneri,ceftriaxone,2010
18438,pakistan,shigella flexneri,chloramphenicol,2010
9456,pakistan,neisseria gonorrhoeae,ofloxacin,1999
18438,pakistan,shigella flexneri,tetracycline,2010
3622,palestine,proteus mirabilis,amikacin,2012-04
267,palestine,citrobacter freundii,amoxicillin-potassium clavulanate combination,2006-03
267,palestine,citrobacter freundii,ampicillin,2006-03
267,palestine,citrobacter freundii,cefepime,2006-03
3622,palestine,proteus mirabilis,cefepime,2012-04
267,palestine,citrobacter freundii,cefotaxime,2006-03
3622,palestine,proteus mirabilis,cefotaxime,2012-04
267,palestine,citrobacter freundii,cefotetan,2006-03
267,palestine,citrobacter freundii,cefoxitin,2006-03
267,palestine,citrobacter freundii,cefpirome,2006-03
267,palestine,citrobacter freundii,cefpodoxime,2006-03
267,palestine,citrobacter freundii,ceftazidime,2006-03
267,palestine,citrobacter freundii,ceftriaxone,2006-03
3622,palestine,proteus mirabilis,ciprofloxacin,2012-04
3622,palestine,proteus mirabilis,clavulanic acid,2012-04
3622,palestine,proteus mirabilis,colistin,2012-04
3622,palestine,proteus mirabilis,doripenem,2012-04
3622,palestine,proteus mirabilis,doxycycline,2012-04
3622,palestine,proteus mirabilis,gentamicins,2012-04
3622,palestine,proteus mirabilis,imipenem,2012-04
3622,palestine,proteus mirabilis,levofloxacin,2012-04
3622,palestine,proteus mirabilis,minocycline,2012-04
3622,palestine,proteus mirabilis,polymyxin b,2012-04
3622,palestine,proteus mirabilis,sulfamethoxazole,2012-04
3622,palestine,proteus mirabilis,ticarcillin,2012-04
3622,palestine,proteus mirabilis,tigecycline,2012-04
3622,palestine,proteus mirabilis,tobramycin,2012-04
3622,palestine,proteus mirabilis,trimethoprim,2012-04
14082,papua new guinea,nocardia yamanashiensis,ciprofloxacin,2011-01
13592,papua new guinea,mycobacterium tuberculosis,ethionamide,2011
13592,papua new guinea,mycobacterium tuberculosis,isoniazid,2011
13592,papua new guinea,mycobacterium tuberculosis,rifampin,2011
13592,papua new guinea,mycobacterium tuberculosis,streptomycin,2011
14082,papua new guinea,nocardia yamanashiensis,tobramycin,2011-01
3872,philippines,klebsiella pneumoniae,amoxicillin-potassium clavulanate combination,2013
3872,philippines,klebsiella pneumoniae,ampicillin,2013
3872,philippines,klebsiella pneumoniae,ceftriaxone,2013
3872,philippines,klebsiella pneumoniae,ciprofloxacin,2013
3872,philippines,klebsiella pneumoniae,gentamicins,2013
3872,philippines,klebsiella pneumoniae,"trimethoprim, sulfamethoxazole drug combination",2013
12905,poland,enterobacter cloacae,amikacin,2012-08
6375,poland,escherichia coli,amikacin,2011-07-24
6375,poland,escherichia coli,amoxicillin,2011-07-24
6375,poland,escherichia coli,amoxicillin-potassium clavulanate combination,2011-07-24
12905,poland,enterobacter cloacae,aztreonam,2012-08
6375,poland,escherichia coli,aztreonam,2011-07-24
12905,poland,enterobacter cloacae,cefepime,2012-08
6375,poland,escherichia coli,cefepime,2011-07-24
6375,poland,escherichia coli,cefotaxime,2011-07-24
12905,poland,enterobacter cloacae,ceftazidime,2012-08
6375,poland,escherichia coli,ceftazidime,2011-07-24
12905,poland,enterobacter cloacae,ciprofloxacin,2012-08
6375,poland,escherichia coli,ciprofloxacin,2011-07-24
12905,poland,enterobacter cloacae,colistin,2012-08
6375,poland,escherichia coli,ertapenem,2011-07-24
12905,poland,enterobacter cloacae,gentamicins,2012-08
6375,poland,escherichia coli,gentamicins,2011-07-24
6375,poland,escherichia coli,imipenem,2011-07-24
12905,poland,enterobacter cloacae,meropenem,2012-08
6375,poland,escherichia coli,meropenem,2011-07-24
12905,poland,enterobacter cloacae,piperacillin,2012-08
6375,poland,escherichia coli,piperacillin,2011-07-24
12905,poland,enterobacter cloacae,"piperacillin, tazobactam drug combination",2012-08
6375,poland,escherichia coli,"piperacillin, tazobactam drug combination",2011-07-24
6375,poland,escherichia coli,tetracycline,2011-07-24
12905,poland,enterobacter cloacae,tigecycline,2012-08
12905,poland,enterobacter cloacae,tobramycin,2012-08
12905,poland,enterobacter cloacae,"trimethoprim, sulfamethoxazole drug combination",2012-08
6350,portugal,citrobacter freundii,amoxicillin-potassium clavulanate combination,2008-08
6350,portugal,citrobacter freundii,ampicillin,2008-08
6350,portugal,citrobacter freundii,cefepime,2008-08
6350,portugal,citrobacter freundii,cefotaxime,2008-08
6350,portugal,citrobacter freundii,ceftazidime,2008-08
6350,portugal,citrobacter freundii,piperacillin,2008-08
6350,portugal,citrobacter freundii,"piperacillin, tazobactam drug combination",2008-08
6350,portugal,citrobacter freundii,sultamicillin,2008-08
404,saudi arabia,stenotrophomonas maltophilia,ciprofloxacin,2005-07-16
404,saudi arabia,stenotrophomonas maltophilia,gentamicins,2005-07-16
404,saudi arabia,stenotrophomonas maltophilia,imipenem,2005-07-16
404,saudi arabia,stenotrophomonas maltophilia,meropenem,2005-07-16
404,saudi arabia,stenotrophomonas maltophilia,"trimethoprim, sulfamethoxazole drug combination",2005-07-16
12403,senegal,corynebacterium aurimucosum,penicillins,2015
12403,senegal,corynebacterium aurimucosum,sulfamethoxazole,2015
12403,senegal,corynebacterium aurimucosum,trimethoprim,2015
15268,serbia,escherichia coli,amikacin,2015-03
15268,serbia,escherichia coli,ampicillin,2015-03
15268,serbia,escherichia coli,cefepime,2015-03
15268,serbia,escherichia coli,cefotaxime,2015-03
15268,serbia,escherichia coli,ceftazidime,2015-03
15268,serbia,escherichia coli,cefuroxime,2015-03
15268,serbia,escherichia coli,gentamicins,2015-03
15268,serbia,escherichia coli,imipenem,2015-03
9885,serbia,pseudomonas aeruginosa,imipenem,2010
5091,serbia,mycobacterium kansasii,isoniazid,2016
15268,serbia,escherichia coli,meropenem,2015-03
9885,serbia,pseudomonas aeruginosa,meropenem,2010
15268,serbia,escherichia coli,"piperacillin, tazobactam drug combination",2015-03
5091,serbia,mycobacterium kansasii,streptomycin,2016
15268,serbia,escherichia coli,sultamicillin,2015-03
15268,serbia,escherichia coli,"trimethoprim, sulfamethoxazole drug combination",2015-03
8982,singapore,staphylococcus aureus,methicillin,2010
8982,singapore,staphylococcus aureus,oxacillin,2010
11202,slovakia,pseudomonas aeruginosa,amikacin,2011-12
11202,slovakia,pseudomonas aeruginosa,aztreonam,2011-12
11202,slovakia,pseudomonas aeruginosa,cefepime,2011-12
11202,slovakia,pseudomonas aeruginosa,cefoperazone,2011-12
11202,slovakia,pseudomonas aeruginosa,cefotaxime,2011-12
11202,slovakia,pseudomonas aeruginosa,ceftazidime,2011-12
11202,slovakia,pseudomonas aeruginosa,ciprofloxacin,2011-12
11202,slovakia,pseudomonas aeruginosa,colistin,2011-12
11202,slovakia,pseudomonas aeruginosa,gentamicins,2011-12
11202,slovakia,pseudomonas aeruginosa,meropenem,2011-12
11202,slovakia,pseudomonas aeruginosa,piperacillin,2011-12
11202,slovakia,pseudomonas aeruginosa,"piperacillin, tazobactam drug combination",2011-12
11202,slovakia,pseudomonas aeruginosa,sulperazone,2011-12
11202,slovakia,pseudomonas aeruginosa,sultamicillin,2011-12
11202,slovakia,pseudomonas aeruginosa,tetracycline,2011-12
11202,slovakia,pseudomonas aeruginosa,tobramycin,2011-12
11202,slovakia,pseudomonas aeruginosa,"trimethoprim, sulfamethoxazole drug combination",2011-12
2628,south africa,klebsiella pneumoniae,amikacin,2011-09-05
7620,south africa,enterobacter asburiae,amoxicillin-potassium clavulanate combination,2012
2628,south africa,klebsiella pneumoniae,amoxicillin-potassium clavulanate combination,2011-09-05
7620,south africa,enterobacter asburiae,ampicillin,2012
2628,south africa,klebsiella pneumoniae,cefepime,2011-09-05
7904,south africa,neisseria gonorrhoeae,cefixime,2012-05
7620,south africa,enterobacter asburiae,cefoxitin,2012
16251,south africa,klebsiella pneumoniae,cefoxitin,2012
7904,south africa,neisseria gonorrhoeae,cefpodoxime,2012-05
2628,south africa,klebsiella pneumoniae,ceftazidime,2011-09-05
16251,south africa,klebsiella pneumoniae,ceftriaxone,2012
7620,south africa,enterobacter asburiae,cefuroxime,2012
7620,south africa,enterobacter asburiae,cefuroxime axetil,2012
2628,south africa,klebsiella pneumoniae,ciprofloxacin,2011-09-05
7904,south africa,neisseria gonorrhoeae,ciprofloxacin,2012-05
7620,south africa,enterobacter asburiae,ertapenem,2012
2628,south africa,klebsiella pneumoniae,ertapenem,2011-09-05
7620,south africa,enterobacter asburiae,imipenem,2012
2628,south africa,klebsiella pneumoniae,imipenem,2011-09-05
7620,south africa,enterobacter asburiae,meropenem,2012
2628,south africa,klebsiella pneumoniae,meropenem,2011-09-05
7904,south africa,neisseria gonorrhoeae,penicillins,2012-05
7620,south africa,enterobacter asburiae,"piperacillin, tazobactam drug combination",2012
2628,south africa,klebsiella pneumoniae,"piperacillin, tazobactam drug combination",2011-09-05
7904,south africa,neisseria gonorrhoeae,tetracycline,2012-05
19152,south korea,leclercia adecarboxylata,amikacin,2011-08-29
10083,south korea,streptococcus pneumoniae,amoxicillin,2012-04-25
11797,south korea,nocardia concava,amoxicillin-potassium clavulanate combination,2012
10083,south korea,streptococcus pneumoniae,amoxicillin-potassium clavulanate combination,2012-04-25
20339,south korea,clostridioides difficile,ampicillin,2008-04
10634,south korea,klebsiella pneumoniae,ampicillin,2010-11-05
19152,south korea,leclercia adecarboxylata,ampicillin,2011-08-29
19152,south korea,leclercia adecarboxylata,aztreonam,2011-08-29
10634,south korea,klebsiella pneumoniae,cefepime,2010-11-05
11797,south korea,nocardia concava,cefepime,2012
10634,south korea,klebsiella pneumoniae,cefotaxime,2010-11-05
19152,south korea,leclercia adecarboxylata,cefotaxime,2011-08-29
20339,south korea,clostridioides difficile,cefotetan,2008-04
20339,south korea,clostridioides difficile,cefoxitin,2008-04
10634,south korea,klebsiella pneumoniae,cefoxitin,2010-11-05
10634,south korea,klebsiella pneumoniae,ceftazidime,2010-11-05
11797,south korea,nocardia concava,ceftriaxone,2012
10083,south korea,streptococcus pneumoniae,ceftriaxone,2012-04-25
10083,south korea,streptococcus pneumoniae,cefuroxime,2012-04-25
10634,south korea,klebsiella pneumoniae,cephalothin,2010-11-05
19152,south korea,leclercia adecarboxylata,cephalothin,2011-08-29
10634,south korea,klebsiella pneumoniae,ciprofloxacin,2010-11-05
9669,south korea,mycobacterium simiae,clarithromycin,2015
11797,south korea,nocardia concava,clarithromycin,2012
10083,south korea,streptococcus pneumoniae,clarithromycin,2012-04-25
20339,south korea,clostridioides difficile,clindamycin,2008-04
10083,south korea,streptococcus pneumoniae,erythromycin,2012-04-25
9669,south korea,mycobacterium simiae,ethambutol,2015
10083,south korea,streptococcus pneumoniae,gatifloxacin,2012-04-25
19152,south korea,leclercia adecarboxylata,gentamicins,2011-08-29
20339,south korea,clostridioides difficile,imipenem,2008-04
10634,south korea,klebsiella pneumoniae,imipenem,2010-11-05
11797,south korea,nocardia concava,imipenem,2012
10083,south korea,streptococcus pneumoniae,levofloxacin,2012-04-25
9669,south korea,mycobacterium simiae,linezolid,2015
10634,south korea,klebsiella pneumoniae,meropenem,2010-11-05
20339,south korea,clostridioides difficile,moxifloxacin,2008-04
9669,south korea,mycobacterium simiae,moxifloxacin,2015
10083,south korea,streptococcus pneumoniae,moxifloxacin,2012-04-25
10634,south korea,klebsiella pneumoniae,piperacillin,2010-11-05
19152,south korea,leclercia adecarboxylata,piperacillin,2011-08-29
9669,south korea,mycobacterium simiae,rifampin,2015
10083,south korea,streptococcus pneumoniae,tetracycline,2012-04-25
19152,south korea,leclercia adecarboxylata,tobramycin,2011-08-29
19152,south korea,leclercia adecarboxylata,"trimethoprim, sulfamethoxazole drug combination",2011-08-29
9669,south korea,mycobacterium simiae,"trimethoprim, sulfamethoxazole drug combination",2015
5961,spain,acinetobacter baumannii,amikacin,2010-02
6314,spain,enterobacter cloacae,amikacin,2006-02
19607,spain,escherichia coli,amikacin,2011
6314,spain,enterobacter cloacae,amoxicillin,2006-02
19607,spain,escherichia coli,amoxicillin,2011
6314,spain,enterobacter cloacae,amoxicillin-potassium clavulanate combination,2006-02
19607,spain,escherichia coli,amoxicillin-potassium clavulanate combination,2011
16801,spain,escherichia coli,ampicillin,2014
2889,spain,mycoplasma pneumoniae,azithromycin,2012-09
6314,spain,enterobacter cloacae,aztreonam,2006-02
19607,spain,escherichia coli,aztreonam,2011
4489,spain,klebsiella pneumoniae,aztreonam,2009-09
21083,spain,pseudomonas putida,aztreonam,2010
13794,spain,acinetobacter baumannii,cefepime,2011-07
6314,spain,enterobacter cloacae,cefepime,2006-02
19607,spain,escherichia coli,cefepime,2011
21083,spain,pseudomonas putida,cefepime,2010
6314,spain,enterobacter cloacae,cefotaxime,2006-02
19607,spain,escherichia coli,cefotaxime,2011
19607,spain,escherichia coli,cefoxitin,2011
5961,spain,acinetobacter baumannii,ceftazidime,2010-02
6314,spain,enterobacter cloacae,ceftazidime,2006-02
19607,spain,escherichia coli,ceftazidime,2011
21083,spain,pseudomonas putida,ceftazidime,2010
13794,spain,acinetobacter baumannii,ciprofloxacin,2011-07
6314,spain,enterobacter cloacae,ciprofloxacin,2006-02
19607,spain,escherichia coli,ciprofloxacin,2011
21083,spain,pseudomonas putida,ciprofloxacin,2010
6314,spain,enterobacter cloacae,clavulanic acid,2006-02
19607,spain,escherichia coli,doripenem,2011
19607,spain,escherichia coli,ertapenem,2011
2889,spain,mycoplasma pneumoniae,erythromycin,2012-09
13794,spain,acinetobacter baumannii,gentamicins,2011-07
6314,spain,enterobacter cloacae,gentamicins,2006-02
19607,spain,escherichia coli,gentamicins,2011
21083,spain,pseudomonas putida,gentamicins,2010
13794,spain,acinetobacter baumannii,imipenem,2011-07
19607,spain,escherichia coli,imipenem,2011
4489,spain,klebsiella pneumoniae,imipenem,2009-09
21083,spain,pseudomonas putida,imipenem,2010
17819,spain,staphylococcus aureus,linezolid,2010
18852,spain,staphylococcus epidermidis,linezolid,2008-02-03
20553,spain,staphylococcus haemolyticus,linezolid,2005-12
5961,spain,acinetobacter baumannii,meropenem,2010-02
19607,spain,escherichia coli,meropenem,2011
4489,spain,klebsiella pneumoniae,meropenem,2009-09
21083,spain,pseudomonas putida,meropenem,2010
5961,spain,acinetobacter baumannii,netilmicin,2010-02
18852,spain,staphylococcus epidermidis,oxacillin,2008-02-03
5961,spain,acinetobacter baumannii,piperacillin,2010-02
6314,spain,enterobacter cloacae,piperacillin,2006-02
13794,spain,acinetobacter baumannii,"piperacillin, tazobactam drug combination",2011-07
19607,spain,escherichia coli,"piperacillin, tazobactam drug combination",2011
21083,spain,pseudomonas putida,"piperacillin, tazobactam drug combination",2010
18852,spain,staphylococcus epidermidis,teicoplanin,2008-02-03
13794,spain,acinetobacter baumannii,tobramycin,2011-07
6314,spain,enterobacter cloacae,tobramycin,2006-02
19607,spain,escherichia coli,tobramycin,2011
21083,spain,pseudomonas putida,tobramycin,2010
6314,spain,enterobacter cloacae,"trimethoprim, sulfamethoxazole drug combination",2006-02
21083,spain,pseudomonas putida,"trimethoprim, sulfamethoxazole drug combination",2010
18852,spain,staphylococcus epidermidis,vancomycin,2008-02-03
23107,sweden,klebsiella pneumoniae,ampicillin,2008-01-09
23107,sweden,klebsiella pneumoniae,aztreonam,2008-01-09
23107,sweden,klebsiella pneumoniae,cefepime,2008-01-09
23107,sweden,klebsiella pneumoniae,cefotaxime,2008-01-09
23107,sweden,klebsiella pneumoniae,cefoxitin,2008-01-09
23107,sweden,klebsiella pneumoniae,ceftazidime,2008-01-09
23107,sweden,klebsiella pneumoniae,cefuroxime,2008-01-09
23107,sweden,klebsiella pneumoniae,cephalothin,2008-01-09
23107,sweden,klebsiella pneumoniae,ciprofloxacin,2008-01-09
23107,sweden,klebsiella pneumoniae,ertapenem,2008-01-09
23107,sweden,klebsiella pneumoniae,imipenem,2008-01-09
23107,sweden,klebsiella pneumoniae,meropenem,2008-01-09
23107,sweden,klebsiella pneumoniae,piperacillin,2008-01-09
927,switzerland,staphylococcus aureus,methicillin,2002
11406,taiwan,klebsiella oxytoca,aminoglycosides,2010
11406,taiwan,klebsiella oxytoca,carbapenems,2010
11406,taiwan,klebsiella oxytoca,doripenem,2010
11406,taiwan,klebsiella oxytoca,ertapenem,2010
11406,taiwan,klebsiella oxytoca,fosfomycin,2010
11406,taiwan,klebsiella oxytoca,imipenem,2010
11413,taiwan,nocardia abscessus,imipenem,2015
11406,taiwan,klebsiella oxytoca,meropenem,2010
345,trinidad and tobago,pseudomonas aeruginosa,aztreonam,2009
345,trinidad and tobago,pseudomonas aeruginosa,cefepime,2009
345,trinidad and tobago,pseudomonas aeruginosa,ceftazidime,2009
345,trinidad and tobago,pseudomonas aeruginosa,ciprofloxacin,2009
345,trinidad and tobago,pseudomonas aeruginosa,"piperacillin, tazobactam drug combination",2009
12887,tunisia,morganella morganii,amoxicillin,2008-04-04
3882,tunisia,escherichia coli,ampicillin,2007
11395,tunisia,providencia stuartii,aztreonam,2009-02
9989,tunisia,pseudomonas aeruginosa,aztreonam,1998-06-16
14126,tunisia,providencia stuartii,cefepime,2011-03-23
9989,tunisia,pseudomonas aeruginosa,cefepime,1998-06-16
3882,tunisia,escherichia coli,cefotaxime,2007
11395,tunisia,providencia stuartii,cefotaxime,2009-02
12887,tunisia,morganella morganii,cefoxitin,2008-04-04
11395,tunisia,providencia stuartii,cefoxitin,2009-02
3882,tunisia,escherichia coli,cefpirome,2007
11395,tunisia,providencia stuartii,cefpirome,2009-02
3882,tunisia,escherichia coli,ceftazidime,2007
11395,tunisia,providencia stuartii,ceftazidime,2009-02
9989,tunisia,pseudomonas aeruginosa,ceftazidime,1998-06-16
3882,tunisia,escherichia coli,ceftriaxone,2007
3882,tunisia,escherichia coli,cefuroxime,2007
3882,tunisia,escherichia coli,cephaloridine,2007
3882,tunisia,escherichia coli,cephalothin,2007
12887,tunisia,morganella morganii,cephalothin,2008-04-04
3882,tunisia,escherichia coli,chloramphenicol,2007
12887,tunisia,morganella morganii,chloramphenicol,2008-04-04
11395,tunisia,providencia stuartii,chloramphenicol,2009-02
11395,tunisia,providencia stuartii,ciprofloxacin,2009-02
3882,tunisia,escherichia coli,nalidixic acid,2007
11395,tunisia,providencia stuartii,nalidixic acid,2009-02
12887,tunisia,morganella morganii,ofloxacin,2008-04-04
3882,tunisia,escherichia coli,oxacillin,2007
3882,tunisia,escherichia coli,penicillin g,2007
9989,tunisia,pseudomonas aeruginosa,piperacillin,1998-06-16
9989,tunisia,pseudomonas aeruginosa,"piperacillin, tazobactam drug combination",1998-06-16
11395,tunisia,providencia stuartii,streptomycin,2009-02
3882,tunisia,escherichia coli,tetracycline,2007
12887,tunisia,morganella morganii,tetracycline,2008-04-04
11395,tunisia,providencia stuartii,tetracycline,2009-02
3882,tunisia,escherichia coli,ticarcillin,2007
12887,tunisia,morganella morganii,ticarcillin,2008-04-04
11395,tunisia,providencia stuartii,ticarcillin,2009-02
9989,tunisia,pseudomonas aeruginosa,ticarcillin,1998-06-16
3882,tunisia,escherichia coli,ticarcillin-clavulanic acid,2007
9989,tunisia,pseudomonas aeruginosa,ticarcillin-clavulanic acid,1998-06-16
8591,turkey,acinetobacter baumannii,amikacin,2014-10-06
5005,turkey,raoultella terrigena,amoxicillin-potassium clavulanate combination,2016
5005,turkey,raoultella terrigena,ampicillin,2016
8591,turkey,acinetobacter baumannii,cefepime,2014-10-06
5005,turkey,raoultella terrigena,cefixime,2016
8591,turkey,acinetobacter baumannii,cefoperazone + sulbactam,2014-10-06
8591,turkey,acinetobacter baumannii,ceftazidime,2014-10-06
5005,turkey,raoultella terrigena,ceftazidime,2016
5005,turkey,raoultella terrigena,ceftriaxone,2016
5005,turkey,raoultella terrigena,cefuroxime,2016
5005,turkey,raoultella terrigena,cefuroxime axetil,2016
8591,turkey,acinetobacter baumannii,ciprofloxacin,2014-10-06
8591,turkey,acinetobacter baumannii,gentamicins,2014-10-06
5005,turkey,raoultella terrigena,gentamicins,2016
8591,turkey,acinetobacter baumannii,imipenem,2014-10-06
8591,turkey,acinetobacter baumannii,levofloxacin,2014-10-06
172,turkey,enterococcus faecium,linezolid,2011-04
8591,turkey,acinetobacter baumannii,meropenem,2014-10-06
8591,turkey,acinetobacter baumannii,netilmicin,2014-10-06
8591,turkey,acinetobacter baumannii,piperacillin,2014-10-06
8591,turkey,acinetobacter baumannii,sultamicillin,2014-10-06
8591,turkey,acinetobacter baumannii,tetracycline,2014-10-06
8591,turkey,acinetobacter baumannii,tigecycline,2014-10-06
8591,turkey,acinetobacter baumannii,"trimethoprim, sulfamethoxazole drug combination",2014-10-06
5005,turkey,raoultella terrigena,"trimethoprim, sulfamethoxazole drug combination",2016
172,turkey,enterococcus faecium,vancomycin,2011-04
18833,united arab emirates,haemophilus influenzae,penicillins,2004-10
18833,united arab emirates,streptococcus pneumoniae,penicillins,2004-10
18778,united kingdom,staphylococcus aureus,ampicillin,2012
3799,united kingdom,neisseria gonorrhoeae,azithromycin,2007
8862,united kingdom,salmonella enterica,chloramphenicol,2001
8862,united kingdom,salmonella enterica,ciprofloxacin,2001
3799,united kingdom,neisseria gonorrhoeae,clindamycin,2007
3799,united kingdom,neisseria gonorrhoeae,erythromycin,2007
8862,united kingdom,salmonella enterica,gentamicins,2001
8862,united kingdom,salmonella enterica,kanamycin,2001
8862,united kingdom,salmonella enterica,neomycin,2001
6454,united kingdom,corynebacterium diphtheriae,penicillins,2009
18818,united kingdom,mycobacterium marinum,rifampin,2013
8862,united kingdom,salmonella enterica,streptomycin,2001
8862,united kingdom,salmonella enterica,sulfonamides,2001
3799,united kingdom,neisseria gonorrhoeae,tetracycline,2007
8862,united kingdom,salmonella enterica,tetracyclines,2001
18818,united kingdom,mycobacterium marinum,"trimethoprim, sulfamethoxazole drug combination",2013
18963,united states,aeromonas hydrophila,amikacin,2011
5451,united states,chryseobacterium indologenes,amikacin,2010
14130,united states,klebsiella pneumoniae,amikacin,2011
18184,united states,mycobacterium tuberculosis,amikacin,2015-09
6505,united states,staphylococcus aureus,amikacin,2006
16267,united states,acinetobacter baumannii,aminoglycosides,2007
18940,united states,chryseobacterium indologenes,aminoglycosides,2012
18963,united states,aeromonas hydrophila,ampicillin,2011
9126,united states,citrobacter freundii,ampicillin,2015-02
13376,united states,klebsiella pneumoniae,ampicillin,2012-04
10259,united states,neisseria gonorrhoeae,azithromycin,2011-01-28
18963,united states,aeromonas hydrophila,aztreonam,2011
5451,united states,chryseobacterium indologenes,aztreonam,2010
9126,united states,citrobacter freundii,aztreonam,2015-02
14130,united states,klebsiella pneumoniae,aztreonam,2011
3235,united states,raoultella planticola,aztreonam,2008-05
21838,united states,shewanella putrefaciens,aztreonam,2008-08-11
18940,united states,chryseobacterium indologenes,beta-lactams,2012
16267,united states,acinetobacter baumannii,cefepime,2007
18963,united states,aeromonas hydrophila,cefepime,2011
9126,united states,citrobacter freundii,cefepime,2015-02
14130,united states,klebsiella pneumoniae,cefepime,2011
1887,united states,pseudomonas putida,cefepime,2009
18963,united states,aeromonas hydrophila,cefotaxime,2011
18963,united states,aeromonas hydrophila,cefoxitin,2011
19093,united states,bacteroides fragilis,cefoxitin,2009
1887,united states,pseudomonas putida,cefoxitin,2009
17068,united states,serratia marcescens,cefoxitin,2006
18963,united states,aeromonas hydrophila,ceftazidime,2011
9126,united states,citrobacter freundii,ceftazidime,2015-02
14130,united states,klebsiella pneumoniae,ceftazidime,2011
1887,united states,pseudomonas putida,ceftazidime,2009
3235,united states,raoultella planticola,ceftazidime,2008-05
1495,united states,sphingobacterium multivorum,ceftazidime,2015
18963,united states,aeromonas hydrophila,ceftriaxone,2011
5451,united states,chryseobacterium indologenes,ceftriaxone,2010
14130,united states,klebsiella pneumoniae,ceftriaxone,2011
1887,united states,pseudomonas putida,ceftriaxone,2009
3235,united states,raoultella planticola,ceftriaxone,2008-05
19093,united states,bacteroides fragilis,chloramphenicol,2009
16267,united states,acinetobacter baumannii,ciprofloxacin,2007
9126,united states,citrobacter freundii,ciprofloxacin,2015-02
14130,united states,klebsiella pneumoniae,ciprofloxacin,2011
1887,united states,pseudomonas putida,ciprofloxacin,2009
6505,united states,staphylococcus aureus,ciprofloxacin,2006
19093,united states,bacteroides fragilis,clindamycin,2009
18073,united states,bacteroides thetaiotaomicron,clindamycin,2014
19267,united states,staphylococcus aureus,clindamycin,2002-06
13557,united states,corynebacterium striatum,daptomycin,2012-02
708,united states,staphylococcus aureus,daptomycin,2005
18963,united states,aeromonas hydrophila,ertapenem,2011
18073,united states,bacteroides thetaiotaomicron,ertapenem,2014
12395,united states,enterobacter cloacae,ertapenem,2010
14130,united states,klebsiella pneumoniae,ertapenem,2011
1887,united states,pseudomonas putida,ertapenem,2009
3235,united states,raoultella planticola,ertapenem,2008-05
19267,united states,staphylococcus aureus,erythromycin,2002-06
17998,united states,corynebacterium macginleyi,fluoroquinolones,2010
6505,united states,staphylococcus aureus,fusidic acid,2006
5560,united states,ureaplasma parvum,gatifloxacin,2002-01
5560,united states,ureaplasma parvum,gemifloxacin,2002-01
18963,united states,aeromonas hydrophila,gentamicins,2011
5451,united states,chryseobacterium indologenes,gentamicins,2010
14130,united states,klebsiella pneumoniae,gentamicins,2011
1887,united states,pseudomonas putida,gentamicins,2009
19267,united states,staphylococcus aureus,gentamicins,2002-06
19093,united states,bacteroides fragilis,imipenem,2009
5451,united states,chryseobacterium indologenes,imipenem,2010
12395,united states,enterobacter cloacae,imipenem,2010
1887,united states,pseudomonas putida,imipenem,2009
3235,united states,raoultella planticola,imipenem,2008-05
17068,united states,serratia marcescens,imipenem,2006
18184,united states,mycobacterium tuberculosis,isoniazid,2015-09
18184,united states,mycobacterium tuberculosis,kanamycin,2015-09
1887,united states,pseudomonas putida,levofloxacin,2009
19267,united states,staphylococcus aureus,levofloxacin,2002-06
5265,united states,streptococcus mitis,levofloxacin,2009
5560,united states,ureaplasma parvum,levofloxacin,2002-01
12482,united states,staphylococcus aureus,linezolid,2013-01-21
8842,united states,staphylococcus epidermidis,linezolid,2007
19093,united states,bacteroides fragilis,meropenem,2009
18073,united states,bacteroides thetaiotaomicron,meropenem,2014
14130,united states,klebsiella pneumoniae,meropenem,2011
1887,united states,pseudomonas putida,meropenem,2009
12482,united states,staphylococcus aureus,methicillin,2013-01-21
19093,united states,bacteroides fragilis,metronidazole,2009
18073,united states,bacteroides thetaiotaomicron,metronidazole,2014
18184,united states,mycobacterium tuberculosis,moxifloxacin,2015-09
6505,united states,staphylococcus aureus,moxifloxacin,2006
5560,united states,ureaplasma parvum,moxifloxacin,2002-01
18184,united states,mycobacterium tuberculosis,ofloxacin,2015-09
19267,united states,staphylococcus aureus,oxacillin,2002-06
19093,united states,bacteroides fragilis,penicillins,2009
19267,united states,staphylococcus aureus,penicillins,2002-06
19093,united states,bacteroides fragilis,"piperacillin, tazobactam drug combination",2009
18073,united states,bacteroides thetaiotaomicron,"piperacillin, tazobactam drug combination",2014
18940,united states,chryseobacterium indologenes,"piperacillin, tazobactam drug combination",2012
14130,united states,klebsiella pneumoniae,"piperacillin, tazobactam drug combination",2011
1887,united states,pseudomonas putida,"piperacillin, tazobactam drug combination",2009
3235,united states,raoultella planticola,"piperacillin, tazobactam drug combination",2008-05
18184,united states,mycobacterium tuberculosis,rifabutin,2015-09
18184,united states,mycobacterium tuberculosis,rifampin,2015-09
19267,united states,staphylococcus aureus,rifampin,2002-06
17998,united states,corynebacterium macginleyi,sulbenicillin,2010
16267,united states,acinetobacter baumannii,sultamicillin,2007
19093,united states,bacteroides fragilis,sultamicillin,2009
5451,united states,chryseobacterium indologenes,sultamicillin,2010
12482,united states,staphylococcus aureus,t 91825,2013-01-21
19267,united states,staphylococcus aureus,teicoplanin,2002-06
18963,united states,aeromonas hydrophila,tetracycline,2011
13376,united states,klebsiella pneumoniae,tetracycline,2012-04
10259,united states,neisseria gonorrhoeae,tetracycline,2011-01-28
6505,united states,staphylococcus aureus,tetracycline,2006
19093,united states,bacteroides fragilis,tigecycline,2009
13376,united states,klebsiella pneumoniae,tigecycline,2012-04
18963,united states,aeromonas hydrophila,tobramycin,2011
14130,united states,klebsiella pneumoniae,tobramycin,2011
1887,united states,pseudomonas putida,tobramycin,2009
6505,united states,staphylococcus aureus,tobramycin,2006
14130,united states,klebsiella pneumoniae,"trimethoprim, sulfamethoxazole drug combination",2011
11508,united states,rhodococcus equi,"trimethoprim, sulfamethoxazole drug combination",2006-10
1495,united states,sphingobacterium multivorum,"trimethoprim, sulfamethoxazole drug combination",2015
4581,united states,enterococcus raffinosus,vancomycin,2008
19267,united states,staphylococcus aureus,vancomycin,2002-06
1288,uruguay,salmonella enterica,ampicillin,2011-01
1288,uruguay,salmonella enterica,cefotaxime,2011-01
13223,uruguay,klebsiella pneumoniae,cefoxitin,2011-02-20
1288,uruguay,salmonella enterica,cephalothin,2011-01
13223,uruguay,klebsiella pneumoniae,ciprofloxacin,2011-02-20
13223,uruguay,klebsiella pneumoniae,colistin,2011-02-20
13223,uruguay,klebsiella pneumoniae,gentamicins,2011-02-20
13223,uruguay,klebsiella pneumoniae,"piperacillin, tazobactam drug combination",2011-02-20
1288,uruguay,salmonella enterica,sultamicillin,2011-01
13129,venezuela,klebsiella pneumoniae,amikacin,2005-07
13129,venezuela,klebsiella pneumoniae,amoxicillin-potassium clavulanate combination,2005-07
13129,venezuela,klebsiella pneumoniae,ampicillin,2005-07
6492,venezuela,pseudomonas alcaligenes,aztreonam,2014-06
6492,venezuela,pseudomonas alcaligenes,cefepime,2014-06
13129,venezuela,klebsiella pneumoniae,cefotaxime,2005-07
13129,venezuela,klebsiella pneumoniae,cefoxitin,2005-07
13129,venezuela,klebsiella pneumoniae,cefpodoxime,2005-07
13129,venezuela,klebsiella pneumoniae,ceftazidime,2005-07
6492,venezuela,pseudomonas alcaligenes,ceftazidime,2014-06
13129,venezuela,klebsiella pneumoniae,ciprofloxacin,2005-07
13129,venezuela,klebsiella pneumoniae,gentamicins,2005-07
6492,venezuela,pseudomonas alcaligenes,gentamicins,2014-06
13129,venezuela,klebsiella pneumoniae,imipenem,2005-07
13129,venezuela,klebsiella pneumoniae,meropenem,2005-07
6492,venezuela,pseudomonas alcaligenes,"piperacillin, tazobactam drug combination",2014-06
6492,venezuela,pseudomonas alcaligenes,ticarcillin,2014-06
6492,venezuela,pseudomonas alcaligenes,ticarcillin-clavulanic acid,2014-06
8711,vietnam,escherichia coli,meropenem,2010-10-21
8711,vietnam,klebsiella pneumoniae,meropenem,2010-10-21
