study_id,code_identifiers,code_identifiers_link,events_id,study_city,study_country,residence_location,study_hospital,travel_location,study_state_province_district,travel_location_id,study_location_basis,study_location,lon_travel,lat_travel,lon_residence,lat_residence,lon_study,lat_study,study_iso3c
9,NA,NA,9_1,NA,Iran,NA,NA,NA,NA,travel_loc_1,country,iran,NA,NA,NA,NA,53.688046,32.427908,IRN
15,NA,NA,15_1,marseille,France,NA,casamance hospital,NA,NA,travel_loc_1,"hospital, city, country","casamance hospital, marseille, france",NA,NA,NA,NA,5.5311109,43.2762106,FRA
38,NA,NA,38_1,NA,Tanzania,NA,NA,NA,NA,travel_loc_1,country,tanzania,NA,NA,NA,NA,34.888822,-6.369028,TZA
137,NA,NA,137_1,marseille,France,NA,NA,NA,NA,travel_loc_1,"city, country","marseille, france",NA,NA,NA,NA,5.36978,43.296482,FRA
172,NA,NA,172_1,NA,Turkey,NA,NA,NA,NA,travel_loc_1,country,turkey,NA,NA,NA,NA,35.243322,38.963745,TUR
183,NA,NA,183_1,constantine,Algeria,NA,military hospital of constantine,tunisia,NA,travel_loc_1,"hospital, city, country","military hospital of constantine, constantine, algeria",9.537499,33.886917,NA,NA,6.6116171,36.3700086,DZA
202,NA,NA,202_1,algiers,Algeria,NA,hospital central de larmee of algiers,NA,NA,travel_loc_1,"hospital, city, country","hospital central de larmee of algiers, algiers, algeria",NA,NA,NA,NA,3.0494823,36.794825,DZA
232,NA,NA,232_1,NA,Spain,NA,NA,NA,NA,travel_loc_1,country,spain,NA,NA,NA,NA,-3.74922,40.46366700000001,ESP
261,NA,NA,261_1,edmonton,Canada,canada,NA,india,alberta,travel_loc_1,"city, state_province_district, country","edmonton, alberta, canada",78.96288,20.593684,-106.346771,56.130366,-113.4909267,53.544389,CAN
267,NA,NA,267_1,NA,Palestinian Territories,NA,NA,NA,NA,travel_loc_1,country,palestine,NA,NA,NA,NA,35.233154,31.952162,PSE
281,NA,NA,281_1,NA,South Korea,NA,NA,NA,NA,travel_loc_1,country,south korea,NA,NA,NA,NA,127.766922,35.907757,KOR
345,NA,NA,345_1,mount hope,Trinidad & Tobago,NA,NA,NA,NA,travel_loc_1,"city, country","mount hope, trinidad and tobago",NA,NA,NA,NA,-61.4227551,10.6467643,TTO
360,NA,NA,360_1,tripoli,Lebanon,NA,NA,NA,north lebanon,travel_loc_1,"city, state_province_district, country","tripoli, north lebanon, lebanon",NA,NA,NA,NA,35.8361633,34.4345947,LBN
404,NA,NA,404_1,NA,Saudi Arabia,saudi arabia,riyadh military hospital,NA,NA,travel_loc_1,"hospital, country","riyadh military hospital, saudi arabia",NA,NA,45.079162,23.885942,46.7151211,24.6923351,SAU
579,NA,NA,579_1,recife,Brazil,NA,university hospital oswaldo cruz,NA,NA,travel_loc_1,"hospital, city, country","university hospital oswaldo cruz, recife, brazil",NA,NA,NA,NA,-34.8876378,-8.047677799999999,BRA
580,NA,NA,580_1,recife,Brazil,NA,university hospital oswaldo cruz,NA,NA,travel_loc_1,"hospital, city, country","university hospital oswaldo cruz, recife, brazil",NA,NA,NA,NA,-34.8876378,-8.047677799999999,BRA
591,NA,NA,591_1,buenos aires,Argentina,NA,hospital de clinicas jose de san martin,NA,NA,travel_loc_1,"hospital, city, country","hospital de clinicas jose de san martin, buenos aires, argentina",NA,NA,NA,NA,-58.3999683,-34.5987057,ARG
592,NA,NA,592_1,NA,Argentina,NA,hospital de clinicas jose de san martin,NA,NA,travel_loc_1,"hospital, country","hospital de clinicas jose de san martin, argentina",NA,NA,NA,NA,-58.3999683,-34.5987057,ARG
661,NA,NA,661_1,NA,Colombia,NA,NA,NA,NA,travel_loc_1,country,colombia,NA,NA,NA,NA,-74.297333,4.570868,COL
708,NA,NA,708_1,new york,United States,united states,new york methodist hospital,NA,NA,travel_loc_1,"hospital, city, country","new york methodist hospital, new york, united states",NA,NA,-95.712891,37.09024,-73.9791231,40.6678679,USA
869,NA,NA,869_1,athens,Greece,NA,university general hospital attikon,NA,NA,travel_loc_1,"hospital, city, country","university general hospital attikon, athens, greece",NA,NA,NA,NA,23.6675572,38.0166922,GRC
927,NA,NA,927_1,NA,Switzerland,NA,NA,NA,geneva,travel_loc_1,"state_province_district, country","geneva, switzerland",NA,NA,NA,NA,6.1431577,46.2043907,CHE
1198,NA,NA,1198_1,pordenone,Italy,NA,s. maria degli angeli regional hospital,NA,NA,travel_loc_1,"hospital, city, country","s. maria degli angeli regional hospital, pordenone, italy",NA,NA,NA,NA,12.6528061,45.9680876,ITA
1216,NA,NA,1216_1,zonguldak,Turkey,NA,karaelmas university,NA,NA,travel_loc_1,"hospital, city, country","karaelmas university, zonguldak, turkey",NA,NA,NA,NA,31.7630444,41.4513768,TUR
1288,NA,NA,1288_1,montevideo,Uruguay,NA,hospital pasteur of montevideo,NA,NA,travel_loc_1,"hospital, city, country","hospital pasteur of montevideo, montevideo, uruguay",NA,NA,NA,NA,-56.138406,-34.8750846,URY
1360,NA,NA,1360_1,NA,France,NA,NA,NA,NA,travel_loc_1,country,france,NA,NA,NA,NA,2.213749,46.227638,FRA
1495,NA,NA,1495_1,newark,United States,united states,saint michaels medical center,NA,new jersey,travel_loc_1,"hospital, city, state_province_district, country","saint michaels medical center, newark, new jersey, united states",NA,NA,-95.712891,37.09024,-74.17456800000001,40.74393,USA
1518,NA,NA,1518_1,athens,Greece,french,NA,NA,NA,travel_loc_1,"city, country","athens, greece",NA,NA,-95.9211605,36.0601477,23.7275388,37.9838096,GRC
1566,NA,NA,1566_1,NA,Italy,NA,NA,NA,NA,travel_loc_1,country,italy,NA,NA,NA,NA,12.56738,41.87194,ITA
1652,NA,NA,1652_1,havana,Cuba,germany,NA,cuba,NA,travel_loc_1,"city, country","havana, cuba",-77.781167,21.521757,10.451526,51.165691,-82.3665956,23.1135925,CUB
1786,NA,NA,1786_1,NA,Croatia,NA,clinical hospital center zagreb,,NA,travel_loc_1,"hospital, country","clinical hospital center zagreb, croatia",NA,NA,NA,NA,15.9855239,45.8191725,HRV
1806,NA,NA,1806_1,rajamundry,India,NA,NA,NA,andhra pradesh,travel_loc_1,"city, state_province_district, country","rajamundry, andhra pradesh, india",NA,NA,NA,NA,81.8040345,17.0005383,IND
1887,NA,NA,1887_1,san antonio,United States,NA,university hospital,NA,texas,travel_loc_1,"hospital, city, state_province_district, country","university hospital, san antonio, texas, united states",NA,NA,NA,NA,-98.5780561,29.508196,USA
2302,NA,NA,2302_1,brussels,Belgium,NA,NA,NA,NA,travel_loc_1,"city, country","brussels, belgium",NA,NA,NA,NA,4.3517211,50.8503463,BEL
2303,NA,NA,2303_1,brussels,Belgium,NA,NA,pakistan,NA,travel_loc_1,"city, country","brussels, belgium",69.34511599999999,30.375321,NA,NA,4.3517211,50.8503463,BEL
2371,NA,NA,2371_1,NA,Mozambique,NA,NA,NA,mayotte,travel_loc_1,"state_province_district, country","mayotte, mozambique",NA,NA,NA,NA,45.166244,-12.8275,MOZ
2372,NA,NA,2372_1,paris,France,NA,NA,algeria,NA,travel_loc_1,"city, country","paris, france",1.659626,28.033886,NA,NA,2.3522219,48.856614,FRA
2389,NA,NA,2389_1,limerick,Ireland,NA,mid-western regional hospital,france,NA,travel_loc_1,"hospital, city, country","mid-western regional hospital, limerick, ireland",2.213749,46.227638,NA,NA,-8.653955,52.6352017,IRL
2389,NA,NA,2389_1,limerick,Ireland,NA,mid-western regional hospital,italy,NA,travel_loc_2,"hospital, city, country","mid-western regional hospital, limerick, ireland",12.56738,41.87194,NA,NA,-8.653955,52.6352017,IRL
2389,NA,NA,2389_1,limerick,Ireland,NA,mid-western regional hospital,israel,NA,travel_loc_3,"hospital, city, country","mid-western regional hospital, limerick, ireland",34.851612,31.046051,NA,NA,-8.653955,52.6352017,IRL
2418,NA,NA,2418_1,tokyo,Japan,NA,tokyo medical university hospital,NA,NA,travel_loc_1,"hospital, city, country","tokyo medical university hospital, tokyo, japan",NA,NA,NA,NA,139.6915648,35.6934407,JPN
2419,NA,NA,2419_1,brampton,Canada,NA,brampton civic hospital campus bch,NA,ontario,travel_loc_1,"hospital, city, state_province_district, country","brampton civic hospital campus bch, brampton, ontario, canada",NA,NA,NA,NA,-79.7440096,43.7463347,CAN
2487,NA,NA,2487_1,paris,France,NA,trousseau hospital,NA,NA,travel_loc_1,"hospital, city, country","trousseau hospital, paris, france",NA,NA,NA,NA,2.4054147,48.8425755,FRA
2512,NA,NA,2512_1,NA,Bulgaria,NA,NA,NA,NA,travel_loc_1,country,bulgaria,NA,NA,NA,NA,25.48583,42.733883,BGR
2628,NA,NA,2628_1,johannesburg,South Africa,NA,NA,NA,NA,travel_loc_1,"city, country","johannesburg, south africa",NA,NA,NA,NA,28.0473051,-26.2041028,ZAF
2791,NA,NA,2791_1,atlanta,United States,NA,NA,NA,georgia,travel_loc_1,"city, state_province_district, country","atlanta, georgia, united states",NA,NA,NA,NA,-84.3879824,33.7489954,USA
2889,NA,NA,2889_1,madrid,Spain,china,hospital universitario ramon y cajal,china,NA,travel_loc_1,"hospital, city, country","hospital universitario ramon y cajal, madrid, spain",104.195397,35.86166,104.195397,35.86166,-3.694557,40.4876812,ESP
2889,NA,NA,2889_1,madrid,Spain,china,hospital universitario ramon y cajal,korea,NA,travel_loc_2,"hospital, city, country","hospital universitario ramon y cajal, madrid, spain",127.9784585,37.66399759999999,104.195397,35.86166,-3.694557,40.4876812,ESP
2963,NA,NA,2963_1,NA,Italy,NA,i.r.c.c.s. fondazione s. maugeri in pavia,NA,NA,travel_loc_1,"hospital, country","i.r.c.c.s. fondazione s. maugeri in pavia, italy",NA,NA,NA,NA,9.141731,45.2038182,ITA
3060,NA,NA,3060_1,NA,China,NA,chinese peoples liberation army air force general hospital,NA,NA,travel_loc_1,"hospital, country","chinese peoples liberation army air force general hospital, china",NA,NA,NA,NA,116.302087,39.920321,CHN
3095,NA,NA,3095_1,rome,Italy,NA,NA,NA,NA,travel_loc_1,"city, country","rome, italy",NA,NA,NA,NA,12.4963655,41.9027835,ITA
3235,NA,NA,3235_1,NA,United States,NA,NA,NA,ohio,travel_loc_1,"state_province_district, country","ohio, united states",NA,NA,NA,NA,-82.90712300000001,40.4172871,USA
3368,NA,NA,3368_1,NA,Brazil,NA,NA,NA,santa catarina,travel_loc_1,"state_province_district, country","santa catarina, brazil",NA,NA,NA,NA,-50.2188556,-27.2423392,BRA
3374,NA,NA,3374_1,NA,United States,NA,NA,NA,hawaii,travel_loc_1,"state_province_district, country","hawaii, united states",NA,NA,NA,NA,-155.5827818,19.8967662,USA
3461,NA,NA,3461_1,NA,Brazil,NA,NA,NA,mato grosso do sul,travel_loc_1,"state_province_district, country","mato grosso do sul, brazil",NA,NA,NA,NA,-54.7851531,-20.7722295,BRA
3471,NA,NA,3471_1,saint louis,United States,NA,barnes-jewish hospital,NA,missouri,travel_loc_1,"hospital, city, state_province_district, country","barnes-jewish hospital, saint louis, missouri, united states",NA,NA,NA,NA,-90.264262,38.6375731,USA
3529,NA,NA,3529_1,NA,Greece,NA,NA,NA,NA,travel_loc_1,country,greece,NA,NA,NA,NA,21.824312,39.074208,GRC
3557,NA,NA,3557_1,NA,Poland,NA,NA,congo,NA,travel_loc_1,country,poland,21.758664,-4.038333,NA,NA,19.145136,51.919438,POL
3557,NA,NA,3557_1,NA,Poland,NA,NA,congo,NA,travel_loc_2,country,poland,21.758664,-4.038333,NA,NA,19.145136,51.919438,POL
3596,NA,NA,3596_1,guangzhou,China,NA,NA,NA,NA,travel_loc_1,"city, country","guangzhou, china",NA,NA,NA,NA,113.264385,23.12911,CHN
3613,NA,NA,3613_1,beijing,China,NA,peking university first hospital,NA,NA,travel_loc_1,"hospital, city, country","peking university first hospital, beijing, china",NA,NA,NA,NA,116.380416,39.931765,CHN
3622,NA,NA,3622_1,NA,Palestinian Territories,NA,al-shifa hospital,NA,gaza,travel_loc_1,"hospital, state_province_district, country","al-shifa hospital, gaza, palestine",NA,NA,NA,NA,34.4429111,31.5243735,PSE
3722,NA,NA,3722_1,new york,United States,NA,new york methodist hospital,NA,NA,travel_loc_1,"hospital, city, country","new york methodist hospital, new york, united states",NA,NA,NA,NA,-73.9791231,40.6678679,USA
3799,NA,NA,3799_1,liverpool,United Kingdom,NA,NA,NA,NA,travel_loc_1,"city, country","liverpool, united kingdom",NA,NA,NA,NA,-2.9915726,53.4083714,GBR
3872,NA,NA,3872_1,NA,Philippines,NA,st. lukes medical center global city,NA,NA,travel_loc_1,"hospital, country","st. lukes medical center global city, philippines",NA,NA,NA,NA,121.0232333,14.6225309,PHL
3882,NA,NA,3882_1,NA,Tunisia,NA,NA,NA,NA,travel_loc_1,country,tunisia,NA,NA,NA,NA,9.537499,33.886917,TUN
4167,NA,NA,4167_1,massa,Italy,NA,NA,NA,NA,travel_loc_1,"city, country","massa, italy",NA,NA,NA,NA,10.1393221,44.03544369999999,ITA
4379,NA,NA,4379_1,NA,New Zealand,NA,christchurch hospital,NA,NA,travel_loc_1,"hospital, country","christchurch hospital, new zealand",NA,NA,NA,NA,172.625825,-43.534003,NZL
4471,NA,NA,4471_1,NA,United States,NA,NA,NA,new york,travel_loc_1,"state_province_district, country","new york, united states",NA,NA,NA,NA,-74.0059728,40.7127753,USA
4489,NA,NA,4489_1,madrid,Spain,NA,ramon y cajal university hospital,NA,NA,travel_loc_1,"hospital, city, country","ramon y cajal university hospital, madrid, spain",NA,NA,NA,NA,-3.694557,40.4876812,ESP
4519,NA,NA,4519_1,modena,Italy,NA,modena university hospital,india,NA,travel_loc_1,"hospital, city, country","modena university hospital, modena, italy",78.96288,20.593684,NA,NA,10.9425871,44.6354895,ITA
4581,NA,NA,4581_1,new york,United States,NA,new york hospital queens,NA,new york,travel_loc_1,"hospital, city, state_province_district, country","new york hospital queens, new york, new york, united states",NA,NA,NA,NA,-73.8251598,40.7473176,USA
4641,NA,NA,4641_1,beirut,Lebanon,NA,saint joseph hospital-raymond and aida najjar polyclinic,NA,NA,travel_loc_1,"hospital, city, country","saint joseph hospital-raymond and aida najjar polyclinic, beirut, lebanon",NA,NA,NA,NA,35.48868909999999,33.8823566,LBN
4642,NA,NA,4642_1,beirut,Lebanon,NA,saint joseph hospital-raymond and aida najjar polyclinic,NA,NA,travel_loc_1,"hospital, city, country","saint joseph hospital-raymond and aida najjar polyclinic, beirut, lebanon",NA,NA,NA,NA,35.48868909999999,33.8823566,LBN
4776,NA,NA,4776_1,dublin,Ireland,NA,NA,NA,NA,travel_loc_1,"city, country","dublin, ireland",NA,NA,NA,NA,-6.2603097,53.3498053,IRL
5005,NA,NA,5005_1,sakarya,Turkey,NA,NA,NA,NA,travel_loc_1,"city, country","sakarya, turkey",NA,NA,NA,NA,30.4357631,40.6939973,TUR
5091,NA,NA,5091_1,belgrade,Serbia,NA,NA,NA,NA,travel_loc_1,"city, country","belgrade, serbia",NA,NA,NA,NA,20.4489216,44.786568,SRB
5183,NA,NA,5183_1,mangalore,India,NA,NA,NA,NA,travel_loc_1,"city, country","mangalore, india",NA,NA,NA,NA,74.8559568,12.9141417,IND
5251,NA,NA,5251_1,NA,Kuwait,kuwait,al-sabah hospital,NA,NA,travel_loc_1,"hospital, country","al-sabah hospital, kuwait",NA,NA,47.481766,29.31166,47.9019802,29.32637549999999,KWT
5265,NA,NA,5265_1,NA,United States,NA,new york hospital queens,NA,NA,travel_loc_1,"hospital, country","new york hospital queens, united states",NA,NA,NA,NA,-73.8252765,40.7472151,USA
5449,NA,NA,5449_1,athens,Greece,NA,evangelismos hospital,NA,NA,travel_loc_1,"hospital, city, country","evangelismos hospital, athens, greece",NA,NA,NA,NA,23.7473348,37.9778997,GRC
5451,NA,NA,5451_1,bronx,United States,NA,"childrens hospital at montefiore, albert einstein college of medicine",NA,new york,travel_loc_1,"hospital, city, state_province_district, country","childrens hospital at montefiore, albert einstein college of medicine, bronx, new york, united states",NA,NA,NA,NA,-73.8460728,40.8486869,USA
5553,NA,NA,5553_1,NA,India,NA,"glocal medical college and super speciality hospital, uttar pradesh",NA,NA,travel_loc_1,"hospital, country","glocal medical college and super speciality hospital, uttar pradesh, india",NA,NA,NA,NA,77.63963319999999,30.28988409999999,IND
5560,NA,NA,5560_1,cleveland,United States,NA,the cleveland clinic,NA,ohio,travel_loc_1,"hospital, city, state_province_district, country","the cleveland clinic, cleveland, ohio, united states",NA,NA,NA,NA,-81.6207701,41.5027008,USA
5774,NA,NA,5774_1,beirut,Lebanon,NA,american university of beirut medical center aub-mc,NA,NA,travel_loc_1,"hospital, city, country","american university of beirut medical center aub-mc, beirut, lebanon",NA,NA,NA,NA,35.486152,33.897885,LBN
5804,NA,NA,5804_1,new york city,United States,NA,NA,NA,NA,travel_loc_1,"city, country","new york city, united states",NA,NA,NA,NA,-74.0059728,40.7127753,USA
5934,NA,NA,5934_1,NA,Colombia,NA,NA,NA,NA,travel_loc_1,country,colombia,NA,NA,NA,NA,-74.297333,4.570868,COL
5961,NA,NA,5961_1,mallorca,Spain,NA,son espases hospital,portugal,NA,travel_loc_1,"hospital, city, country","son espases hospital, mallorca, spain",-8.224454,39.39987199999999,NA,NA,2.6455916,39.6072298,ESP
5961,NA,NA,5961_1,mallorca,Spain,NA,son espases hospital,france,NA,travel_loc_2,"hospital, city, country","son espases hospital, mallorca, spain",2.213749,46.227638,NA,NA,2.6455916,39.6072298,ESP
6314,NA,NA,6314_1,a coruna,Spain,NA,a coruna university hospital,NA,NA,travel_loc_1,"hospital, city, country","a coruna university hospital, a coruna, spain",NA,NA,NA,NA,-8.388385099999999,43.3441977,ESP
6350,NA,NA,6350_1,aveiro,Portugal,NA,NA,NA,NA,travel_loc_1,"city, country","aveiro, portugal",NA,NA,NA,NA,-8.6537539,40.6405055,PRT
6454,NA,NA,6454_1,leicester,United Kingdom,NA,leicester general hospital,ethiopia,NA,travel_loc_1,"hospital, city, country","leicester general hospital, leicester, united kingdom",40.489673,9.145000000000001,NA,NA,-1.0824691,52.6306018,GBR
6467,NA,NA,6467_1,saint-mande,France,NA,military hospital begin,serbia,NA,travel_loc_1,"hospital, city, country","military hospital begin, saint-mande, france",21.005859,44.016521,NA,NA,2.4253137,48.843381,FRA
6492,NA,NA,6492_1,merida,Venezuela,NA,the andes university hospital in merida,NA,NA,travel_loc_1,"hospital, city, country","the andes university hospital in merida, merida, venezuela",NA,NA,NA,NA,-71.1590883,8.586649099999999,VEN
6505,NA,NA,6505_1,chicago,United States,NA,cook county hospital,syria,illinois,travel_loc_1,"hospital, city, state_province_district, country","cook county hospital, chicago, illinois, united states",38.996815,34.80207499999999,NA,NA,-87.6742879,41.8724775,USA
6737,NA,NA,6737_1,ohmura city,Japan,NA,nagasaki medical center,NA,NA,travel_loc_1,"hospital, city, country","nagasaki medical center, ohmura city, japan",NA,NA,NA,NA,129.9728933,32.8954905,JPN
6842,NA,NA,6842_1,NA,Brazil,NA,NA,NA,NA,travel_loc_1,country,brazil,NA,NA,NA,NA,-51.92528,-14.235004,BRA
7090,NA,NA,7090_1,bali,Indonesia,NA,udayana university sanglah hospital,NA,NA,travel_loc_1,"hospital, city, country","udayana university sanglah hospital, bali, indonesia",NA,NA,NA,NA,115.1723921,-8.7982727,IDN
7108,NA,NA,7108_1,NA,Denmark,NA,NA,egypt,NA,travel_loc_1,country,denmark,30.802498,26.820553,NA,NA,9.501785,56.26392,DNK
7108,NA,NA,7108_1,NA,Denmark,NA,NA,turkey,NA,travel_loc_2,country,denmark,35.243322,38.963745,NA,NA,9.501785,56.26392,DNK
7369,NA,NA,7369_1,rome,Italy,NA,NA,NA,NA,travel_loc_1,"city, country","rome, italy",NA,NA,NA,NA,12.4963655,41.9027835,ITA
7437,NA,NA,7437_1,otago,New Zealand,he was born in burma myanmar but had emigrated to new zealand in 6,NA,NA,NA,travel_loc_1,"city, country","otago, new zealand",NA,NA,NA,NA,170.1547567,-45.47906709999999,NZL
7440,NA,NA,7440_1,NA,Croatia,NA,split university hospital,NA,NA,travel_loc_1,"hospital, country","split university hospital, croatia",NA,NA,NA,NA,16.4579764,43.5037301,HRV
7482,NA,NA,7482_1,NA,China,NA,NA,NA,NA,travel_loc_1,country,china,NA,NA,NA,NA,104.195397,35.86166,CHN
7494,NA,NA,7494_1,buenos aires,Argentina,NA,NA,NA,NA,travel_loc_1,"city, country","buenos aires, argentina",NA,NA,NA,NA,-58.3815591,-34.6036844,ARG
7585,NA,NA,7585_1,frankfurt,Germany,yemen,frankfurt university hospital,"mumbai, india",NA,travel_loc_1,"hospital, city, country","frankfurt university hospital, frankfurt, germany",72.8776559,19.0759837,48.516388,15.552727,8.6613099,50.0949387,DEU
7620,NA,NA,7620_1,port elizabeth,South Africa,NA,NA,NA,NA,travel_loc_1,"city, country","port elizabeth, south africa",NA,NA,NA,NA,25.6022423,-33.9608369,ZAF
7761,NA,NA,7761_1,graz,Austria,NA,university hospital,pakistan,NA,travel_loc_1,"hospital, city, country","university hospital, graz, austria",69.34511599999999,30.375321,NA,NA,15.4658311,47.0810454,AUT
7761,NA,NA,7761_1,graz,Austria,NA,university hospital,india,NA,travel_loc_2,"hospital, city, country","university hospital, graz, austria",78.96288,20.593684,NA,NA,15.4658311,47.0810454,AUT
7904,NA,NA,7904_1,NA,South Africa,NA,NA,NA,NA,travel_loc_1,country,south africa,NA,NA,NA,NA,22.937506,-30.559482,ZAF
7945,NA,NA,7945_1,chandigarh,India,NA,NA,NA,NA,travel_loc_1,"city, country","chandigarh, india",NA,NA,NA,NA,76.7794179,30.7333148,IND
7968,NA,NA,7968_1,yamunanagar,India,NA,NA,NA,haryana,travel_loc_1,"city, state_province_district, country","yamunanagar, haryana, india",NA,NA,NA,NA,77.2673901,30.1290485,IND
8089,NA,NA,8089_1,paris,France,NA,robert debre hospital,NA,NA,travel_loc_1,"hospital, city, country","robert debre hospital, paris, france",NA,NA,NA,NA,2.4013382,48.8794483,FRA
8174,NA,NA,8174_1,aalborg,Denmark,NA,aalborg university hospital,NA,NA,travel_loc_1,"hospital, city, country","aalborg university hospital, aalborg, denmark",NA,NA,NA,NA,9.9061723,57.0381685,DNK
8181,NA,NA,8181_1,cologne,Germany,NA,university hospital of cologne,NA,NA,travel_loc_1,"hospital, city, country","university hospital of cologne, cologne, germany",NA,NA,NA,NA,6.9163165,50.9235591,DEU
8515,NA,NA,8515_1,NA,Norway,NA,NA,philippines,NA,travel_loc_1,country,norway,121.774017,12.879721,NA,NA,8.468945999999999,60.47202399999999,NOR
8591,NA,NA,8591_1,adana,Turkey,syria,"the teaching hospital, school of medicine, cukurova university",NA,NA,travel_loc_1,"hospital, city, country","the teaching hospital, school of medicine, cukurova university, adana, turkey",NA,NA,38.996815,34.80207499999999,35.355414,37.059684,TUR
8619,NA,NA,8619_1,saitama,Japan,NA,NA,NA,NA,travel_loc_1,"city, country","saitama, japan",NA,NA,NA,NA,139.6454822,35.8617292,JPN
8653,NA,NA,8653_1,NA,Japan,NA,NA,NA,NA,travel_loc_1,country,japan,NA,NA,NA,NA,138.252924,36.204824,JPN
8711,NA,NA,8711_1,NA,Vietnam,NA,NA,NA,NA,travel_loc_1,country,vietnam,NA,NA,NA,NA,108.277199,14.058324,VNM
8842,NA,NA,8842_1,hackensack,United States,NA,NA,NA,new jersey,travel_loc_1,"city, state_province_district, country","hackensack, new jersey, united states",NA,NA,NA,NA,-74.0434736,40.8859325,USA
8862,NA,NA,8862_1,NA,United Kingdom,NA,NA,thailand,NA,travel_loc_1,country,united kingdom,100.992541,15.870032,NA,NA,-3.435973,55.378051,GBR
8862,NA,NA,8862_1,NA,United Kingdom,NA,NA,malaysia,NA,travel_loc_2,country,united kingdom,101.975766,4.210484,NA,NA,-3.435973,55.378051,GBR
8948,NA,NA,8948_1,NA,Czechia,NA,NA,NA,north bohemian region,travel_loc_1,"state_province_district, country","north bohemian region, czech republic",NA,NA,NA,NA,14.9362955,49.8782223,CZE
8950,NA,NA,8950_1,NA,Czechia,NA,NA,greece,north moravian region,travel_loc_1,"state_province_district, country","north moravian region, czech republic",21.824312,39.074208,NA,NA,16.7676899,48.9544528,CZE
8982,NA,NA,8982_1,NA,Singapore,NA,NA,NA,NA,travel_loc_1,country,singapore,NA,NA,NA,NA,103.819836,1.352083,SGP
9045,NA,NA,9045_1,NA,China,NA,chinese hospital,NA,NA,travel_loc_1,"hospital, country","chinese hospital, china",NA,NA,NA,NA,-94.94968809999999,35.9155382,CHN
9047,NA,NA,9047_1,NA,China,china,lishui central hospital,NA,zhejiang province,travel_loc_1,"hospital, state_province_district, country","lishui central hospital, zhejiang province, china",NA,NA,104.195397,35.86166,119.908319,28.450187,CHN
9075,NA,NA,9075_1,sichuan,China,china,NA,pakistan,sichuan,travel_loc_1,"city, state_province_district, country","sichuan, sichuan, china",69.34511599999999,30.375321,104.195397,35.86166,102.8054753,30.26380319999999,CHN
9075,NA,NA,9075_1,sichuan,China,china,NA,"karachi, pakistan",sichuan,travel_loc_2,"city, state_province_district, country","sichuan, sichuan, china",67.0011364,24.8607343,104.195397,35.86166,102.8054753,30.26380319999999,CHN
9081,NA,NA,9081_1,NA,China,NA,NA,NA,jiangsu province,travel_loc_1,"state_province_district, country","jiangsu province, china",NA,NA,NA,NA,119.7889248,33.1401715,CHN
9084,NA,NA,9084_1,NA,Taiwan,NA,NA,NA,NA,travel_loc_1,country,taiwan,NA,NA,NA,NA,120.960515,23.69781,TWN
9126,NA,NA,9126_1,los angeles,United States,NA,ronald reagan ucla medical center,NA,california,travel_loc_1,"hospital, city, state_province_district, country","ronald reagan ucla medical center, los angeles, california, united states",NA,NA,NA,NA,-118.4465218,34.0658877,USA
9340,NA,NA,9340_1,sindh,Pakistan,pakistan,aga khan hospital,NA,NA,travel_loc_1,"hospital, city, country","aga khan hospital, sindh, pakistan",NA,NA,69.34511599999999,30.375321,67.074753,24.89203,PAK
9340,NA,NA,9340_2,karachi,NA,NA,NA,NA,NA,travel_loc_2,city,karachi,NA,NA,NA,NA,67.0011364,24.8607343,NA
9628,NA,NA,9628_1,besancon,France,NA,NA,NA,NA,travel_loc_1,"city, country","besancon, france",NA,NA,NA,NA,6.024053899999999,47.237829,FRA
9669,NA,NA,9669_1,seoul,South Korea,south korea,NA,NA,NA,travel_loc_1,"city, country","seoul, south korea",NA,NA,127.766922,35.907757,126.9779692,37.566535,KOR
9727,NA,NA,9727_1,medellin,Colombia,NA,hospital universitario san vicente fundacion,NA,NA,travel_loc_1,"hospital, city, country","hospital universitario san vicente fundacion, medellin, colombia",NA,NA,NA,NA,-75.5656503,6.261840599999999,COL
9733,NA,NA,9733_1,hong kong,China,NA,new territories east cluster hospital,NA,NA,travel_loc_1,"hospital, city, country","new territories east cluster hospital, hong kong, china",NA,NA,NA,NA,114.22703,22.323359,CHN
9885,NA,NA,9885_1,NA,Serbia,NA,NA,NA,balkan region,travel_loc_1,"state_province_district, country","balkan region, serbia",NA,NA,NA,NA,21.005859,44.016521,SRB
9937,NA,NA,9937_1,cairo,Egypt,germany,NA,"cairo, egypt",NA,travel_loc_1,"city, country","cairo, egypt",31.2357116,30.0444196,10.451526,51.165691,31.2357116,30.0444196,EGY
9989,NA,NA,9989_1,tunis,Tunisia,NA,centre national de greffe de la moelle osseus,NA,NA,travel_loc_1,"hospital, city, country","centre national de greffe de la moelle osseus, tunis, tunisia",NA,NA,NA,NA,10.1567333,36.8049964,TUN
10020,NA,NA,10020_1,new delhi,India,netherlands,NA,india,NA,travel_loc_1,"city, country","new delhi, india",78.96288,20.593684,5.291265999999999,52.132633,77.2090212,28.6139391,IND
10081,NA,NA,10081_1,NA,United States,NA,NA,NA,california,travel_loc_1,"state_province_district, country","california, united states",NA,NA,NA,NA,-119.4179324,36.778261,USA
10083,NA,NA,10083_1,seoul,South Korea,NA,samsung medical center,NA,NA,travel_loc_1,"hospital, city, country","samsung medical center, seoul, south korea",NA,NA,NA,NA,127.0855952,37.4881568,KOR
10125,NA,NA,10125_1,istanbul,Turkey,turkish,safa hospital,NA,NA,travel_loc_1,"hospital, city, country","safa hospital, istanbul, turkey",NA,NA,-95.712891,37.09024,28.85721959999999,41.0226901,TUR
10209,NA,NA,10209_1,NA,Nigeria,NA,NA,NA,NA,travel_loc_1,country,nigeria,NA,NA,NA,NA,8.675277,9.081999,NGA
10221,NA,NA,10221_1,NA,France,NA,paul brousse hospital,greece,NA,travel_loc_1,"hospital, country","paul brousse hospital, france",21.824312,39.074208,NA,NA,2.3636751,48.7948463,FRA
10248,NA,NA,10248_1,athens,Greece,NA,laiko general hospital,NA,NA,travel_loc_1,"hospital, city, country","laiko general hospital, athens, greece",NA,NA,NA,NA,23.7653281,37.9833861,GRC
10259,NA,NA,10259_1,NA,United States,NA,NA,NA,NA,travel_loc_1,country,united states,NA,NA,NA,NA,-95.712891,37.09024,USA
10260,NA,NA,10260_1,honolulu,United States,NA,NA,"san francisco, california",hawaii,travel_loc_1,"city, state_province_district, country","honolulu, hawaii, united states",-122.4194155,37.7749295,NA,NA,-157.8583333,21.3069444,USA
10300,NA,NA,10300_1,NA,Japan,NA,NA,NA,NA,travel_loc_1,country,japan,NA,NA,NA,NA,138.252924,36.204824,JPN
10443,NA,NA,10443_1,NA,India,NA,NA,NA,NA,travel_loc_1,country,india,NA,NA,NA,NA,78.96288,20.593684,IND
10445,NA,NA,10445_1,pune,India,NA,NA,NA,NA,travel_loc_1,"city, country","pune, india",NA,NA,NA,NA,73.8567437,18.5204303,IND
10450,NA,NA,10450_1,kafr el-sheikh city,Egypt,NA,public hospital,NA,NA,travel_loc_1,"hospital, city, country","public hospital, kafr el-sheikh city, egypt",NA,NA,NA,NA,30.9426713,31.1165211,EGY
10622,NA,NA,10622_1,monza,Italy,NA,"san gerardo de tintori"" hospital",NA,NA,travel_loc_1,"hospital, city, country","san gerardo de tintori"" hospital, monza, italy",NA,NA,NA,NA,9.260324599999999,45.6009249,ITA
10634,NA,NA,10634_1,seoul,South Korea,NA,NA,NA,NA,travel_loc_1,"city, country","seoul, south korea",NA,NA,NA,NA,126.9779692,37.566535,KOR
10780,NA,NA,10780_1,NA,United States,united states,NA,NA,pennsylvania,travel_loc_1,"state_province_district, country","pennsylvania, united states",NA,NA,-95.712891,37.09024,-77.1945247,41.2033216,USA
11176,NA,NA,11176_1,NA,Japan,japan,NA,NA,NA,travel_loc_1,country,japan,NA,NA,138.252924,36.204824,138.252924,36.204824,JPN
11201,NA,NA,11201_1,bratislava,Slovakia,NA,university hospital bratislava,NA,NA,travel_loc_1,"hospital, city, country","university hospital bratislava, bratislava, slovakia",NA,NA,NA,NA,17.1172786,48.15077369999999,SVK
11303,NA,NA,11303_1,toronto,Canada,NA,NA,india,ontario,travel_loc_1,"city, state_province_district, country","toronto, ontario, canada",78.96288,20.593684,NA,NA,-79.3831843,43.653226,CAN
11384,NA,NA,11384_1,NA,Canada,NA,NA,NA,NA,travel_loc_1,country,canada,NA,NA,NA,NA,-106.346771,56.130366,CAN
11395,NA,NA,11395_1,NA,Tunisia,NA,NA,NA,NA,travel_loc_1,country,tunisia,NA,NA,NA,NA,9.537499,33.886917,TUN
11406,NA,NA,11406_1,NA,Taiwan,NA,NA,china,NA,travel_loc_1,country,taiwan,104.195397,35.86166,NA,NA,120.960515,23.69781,TWN
11413,NA,NA,11413_1,NA,Taiwan,NA,NA,NA,NA,travel_loc_1,country,taiwan,NA,NA,NA,NA,120.960515,23.69781,TWN
11508,a,age; drug resisted; event month; event year; mic; sex; state/province/district,11508_1,NA,United States,NA,NA,NA,new jersey,travel_loc_1,"state_province_district, country","new jersey, united states",NA,NA,NA,NA,-74.4056612,40.0583238,USA
11508,b,age; drug resisted; event date; mic; state/province/district,11508_1,NA,United States,NA,NA,NA,new jersey,travel_loc_2,"state_province_district, country","new jersey, united states",NA,NA,NA,NA,-74.4056612,40.0583238,USA
11508,c,age; drug resisted; mic; sex; state/province/district; symptoms/disease,11508_1,NA,United States,NA,NA,NA,new jersey,travel_loc_3,"state_province_district, country","new jersey, united states",NA,NA,NA,NA,-74.4056612,40.0583238,USA
11510,NA,NA,11510_1,quebec city,Canada,NA,NA,NA,NA,travel_loc_1,"city, country","quebec city, canada",NA,NA,NA,NA,-71.2079809,46.8138783,CAN
11797,NA,NA,11797_1,seoul,South Korea,NA,NA,NA,NA,travel_loc_1,"city, country","seoul, south korea",NA,NA,NA,NA,126.9779692,37.566535,KOR
11983,NA,NA,11983_1,johannesburg,South Africa,NA,NA,NA,NA,travel_loc_1,"city, country","johannesburg, south africa",NA,NA,NA,NA,28.0473051,-26.2041028,ZAF
12065,NA,NA,12065_1,hangzhou,China,NA,NA,NA,NA,travel_loc_1,"city, country","hangzhou, china",NA,NA,NA,NA,120.15507,30.274084,CHN
12188,NA,NA,12188_1,NA,Japan,NA,NA,NA,NA,travel_loc_1,country,japan,NA,NA,NA,NA,138.252924,36.204824,JPN
12344,NA,NA,12344_1,NA,China,NA,NA,NA,NA,travel_loc_1,country,china,NA,NA,NA,NA,104.195397,35.86166,CHN
12359,NA,NA,12359_1,beijing,China,china,NA,NA,NA,travel_loc_1,"city, country","beijing, china",NA,NA,104.195397,35.86166,116.4073963,39.90419989999999,CHN
12395,NA,NA,12395_1,NA,United States,NA,vanderbilt university childrens hospital,NA,tennessee,travel_loc_1,"hospital, state_province_district, country","vanderbilt university childrens hospital, tennessee, united states",NA,NA,NA,NA,-86.8024196,36.1393609,USA
12403,NA,NA,12403_1,saint louis,Senegal,NA,NA,NA,NA,travel_loc_1,"city, country","saint louis, senegal",NA,NA,NA,NA,-16.4818167,16.0326307,SEN
12482,NA,NA,12482_1,houston,United States,NA,houston methodist hospital,NA,texas,travel_loc_1,"hospital, city, state_province_district, country","houston methodist hospital, houston, texas, united states",NA,NA,NA,NA,-95.3996829,29.7107772,USA
12887,NA,NA,12887_1,NA,Tunisia,NA,NA,NA,NA,travel_loc_1,country,tunisia,NA,NA,NA,NA,9.537499,33.886917,TUN
12905,NA,NA,12905_1,bialystok,Poland,NA,medical university of bialystok,NA,NA,travel_loc_1,"hospital, city, country","medical university of bialystok, bialystok, poland",NA,NA,NA,NA,23.1653094,53.13058119999999,POL
13015,NA,NA,13015_1,puducherry,India,NA,jawaharlal institute of postgraduate medical education and research jipmer,NA,NA,travel_loc_1,"hospital, city, country","jawaharlal institute of postgraduate medical education and research jipmer, puducherry, india",NA,NA,NA,NA,79.7996963,11.9503023,IND
13129,NA,NA,13129_1,caracas,Venezuela,NA,hospital de ninos -j.m de los rios||,NA,NA,travel_loc_1,"hospital, city, country","hospital de ninos -j.m de los rios||, caracas, venezuela",NA,NA,NA,NA,-66.90360629999999,10.4805937,VEN
13223,NA,NA,13223_1,punta del este,Uruguay,NA,the sanatorio mautone,NA,NA,travel_loc_1,"hospital, city, country","the sanatorio mautone, punta del este, uruguay",NA,NA,NA,NA,-54.9620056,-34.9142712,URY
13308,NA,NA,13308_1,sao paulo,Brazil,NA,NA,NA,NA,travel_loc_1,"city, country","sao paulo, brazil",NA,NA,NA,NA,-46.63330939999999,-23.5505199,BRA
13370,NA,NA,13370_1,calgary,Canada,canada,NA,"new delhi, india",alberta,travel_loc_1,"city, state_province_district, country","calgary, alberta, canada",77.2090212,28.6139391,-106.346771,56.130366,-114.0708459,51.0486151,CAN
13376,NA,NA,13376_1,charlottesville,United States,NA,university of virginia medical center uvamc,"riyadh, saudi arabia",virginia,travel_loc_1,"hospital, city, state_province_district, country","university of virginia medical center uvamc, charlottesville, virginia, united states",46.6752957,24.7135517,NA,NA,-78.501032,38.0319019,USA
13399,NA,NA,13399_1,delhi,India,NA,vmmc and associated safdarjung hospital,NA,NA,travel_loc_1,"hospital, city, country","vmmc and associated safdarjung hospital, delhi, india",NA,NA,NA,NA,77.2031046,28.569075,IND
13465,NA,NA,13465_1,manali,India,japan,NA,china,NA,travel_loc_1,"city, country","manali, india",104.195397,35.86166,138.252924,36.204824,77.1887145,32.2396325,IND
13465,NA,NA,13465_1,manali,India,japan,NA,india,NA,travel_loc_2,"city, country","manali, india",78.96288,20.593684,138.252924,36.204824,77.1887145,32.2396325,IND
13465,NA,NA,13465_1,manali,India,japan,NA,myanmar,NA,travel_loc_3,"city, country","manali, india",95.955974,21.916221,138.252924,36.204824,77.1887145,32.2396325,IND
13465,NA,NA,13465_1,manali,India,japan,NA,thailand,NA,travel_loc_4,"city, country","manali, india",100.992541,15.870032,138.252924,36.204824,77.1887145,32.2396325,IND
13465,NA,NA,13465_1,manali,India,japan,NA,nepal,NA,travel_loc_5,"city, country","manali, india",84.12400799999999,28.394857,138.252924,36.204824,77.1887145,32.2396325,IND
13548,NA,NA,13548_1,NA,Ireland,NA,NA,kolkata,NA,travel_loc_1,country,ireland,88.36389500000001,22.572646,NA,NA,-7.692053599999999,53.1423672,IRL
13557,NA,NA,13557_1,st. louis,United States,NA,NA,NA,missouri,travel_loc_1,"city, state_province_district, country","st. louis, missouri, united states",NA,NA,NA,NA,-90.19940419999999,38.6270025,USA
13592,NA,NA,13592_1,NA,Papua New Guinea,NA,NA,NA,western province,travel_loc_1,"state_province_district, country","western province, papua new guinea",NA,NA,NA,NA,142.3613378,-7.584644,PNG
13741,NA,NA,13741_1,sao paulo,Brazil,NA,escola paulista de medicina da universidade federal de sao paulo,NA,NA,travel_loc_1,"hospital, city, country","escola paulista de medicina da universidade federal de sao paulo, sao paulo, brazil",NA,NA,NA,NA,-46.6422753,-23.5952721,BRA
13772,NA,NA,13772_1,marseille,France,NA,hopital timone,NA,NA,travel_loc_1,"hospital, city, country","hopital timone, marseille, france",NA,NA,NA,NA,5.4017518,43.2906512,FRA
13794,NA,NA,13794_1,a corun a,Spain,NA,university hospital a corun a,portugal,NA,travel_loc_1,"hospital, city, country","university hospital a corun a, a corun a, spain",-8.224454,39.39987199999999,NA,NA,-8.388385099999999,43.3441977,ESP
13804,NA,NA,13804_1,rio de janeiro,Brazil,NA,NA,NA,NA,travel_loc_1,"city, country","rio de janeiro, brazil",NA,NA,NA,NA,-43.1728965,-22.9068467,BRA
13994,NA,NA,13994_1,NA,Canada,NA,NA,india,NA,travel_loc_1,country,canada,78.96288,20.593684,NA,NA,-106.346771,56.130366,CAN
14082,NA,NA,14082_1,lihir island,Papua New Guinea,NA,lihir medical center,NA,NA,travel_loc_1,"hospital, city, country","lihir medical center, lihir island, papua new guinea",NA,NA,NA,NA,152.6290689,-3.0676778,PNG
14089,NA,NA,14089_1,NA,India,NA,NA,NA,NA,travel_loc_1,country,india,NA,NA,NA,NA,78.96288,20.593684,IND
14126,NA,NA,14126_1,sfax,Tunisia,NA,sfax habib bourguiba hospital,NA,NA,travel_loc_1,"hospital, city, country","sfax habib bourguiba hospital, sfax, tunisia",NA,NA,NA,NA,10.7482127,34.7402677,TUN
14130,NA,NA,14130_1,NA,United States,NA,NA,pakistan,NA,travel_loc_1,country,united states,69.34511599999999,30.375321,NA,NA,-95.712891,37.09024,USA
14233,NA,NA,14233_1,islamabad,Pakistan,NA,NA,NA,NA,travel_loc_1,"city, country","islamabad, pakistan",NA,NA,NA,NA,73.04788479999999,33.6844202,PAK
14287,NA,NA,14287_1,NA,Italy,NA,NA,NA,NA,travel_loc_1,country,italy,NA,NA,NA,NA,12.56738,41.87194,ITA
14299,NA,NA,14299_1,cape town,South Africa,NA,red cross war memorial childrens hospital,NA,NA,travel_loc_1,"hospital, city, country","red cross war memorial childrens hospital, cape town, south africa",NA,NA,NA,NA,18.487467,-33.954655,ZAF
14404,NA,NA,14404_1,osaka,Japan,NA,NA,NA,NA,travel_loc_1,"city, country","osaka, japan",NA,NA,NA,NA,135.5021651,34.6937378,JPN
14571,NA,NA,14571_1,vancouver,Canada,NA,NA,NA,british columbia,travel_loc_1,"city, state_province_district, country","vancouver, british columbia, canada",NA,NA,NA,NA,-123.1207375,49.2827291,CAN
14616,NA,NA,14616_1,buenaventura,Colombia,NA,NA,NA,NA,travel_loc_1,"city, country","buenaventura, colombia",NA,NA,NA,NA,-77.01972119999999,3.8830471,COL
14709,NA,NA,14709_1,beirut,Lebanon,NA,american university of beirut medical center,NA,NA,travel_loc_1,"hospital, city, country","american university of beirut medical center, beirut, lebanon",NA,NA,NA,NA,35.486152,33.897885,LBN
14740,NA,NA,14740_1,NA,Japan,NA,NA,southeast asia,kanto,travel_loc_1,"state_province_district, country","kanto, japan",115.66283,-2.2179704,NA,NA,141.4693606,38.3231191,JPN
14751,NA,NA,14751_1,beirut,Lebanon,NA,american university of beirut medical center,NA,NA,travel_loc_1,"hospital, city, country","american university of beirut medical center, beirut, lebanon",NA,NA,NA,NA,35.486152,33.897885,LBN
14823,NA,NA,14823_1,tokyo,Japan,japan,jikei university hospital,india,NA,travel_loc_1,"hospital, city, country","jikei university hospital, tokyo, japan",78.96288,20.593684,138.252924,36.204824,139.7515282,35.6636096,JPN
14906,NA,NA,14906_1,NA,Israel,NA,tel aviv medical center,NA,NA,travel_loc_1,"hospital, country","tel aviv medical center, israel",NA,NA,NA,NA,34.7647153,32.0720466,ISR
15256,NA,NA,15256_1,split,Croatia,NA,university hospital centre split,NA,NA,travel_loc_1,"hospital, city, country","university hospital centre split, split, croatia",NA,NA,NA,NA,16.4579764,43.5037301,HRV
15268,NA,NA,15268_1,belgrade,Serbia,NA,institute for mother and child healthcare,NA,NA,travel_loc_1,"hospital, city, country","institute for mother and child healthcare, belgrade, serbia",NA,NA,NA,NA,20.4029235,44.83191739999999,SRB
15331,NA,NA,15331_1,limerick,Ireland,NA,university hospital limerick uhl,NA,NA,travel_loc_1,"hospital, city, country","university hospital limerick uhl, limerick, ireland",NA,NA,NA,NA,-8.653955,52.6352017,IRL
15337,NA,NA,15337_1,NA,Ireland,NA,NA,NA,NA,travel_loc_1,country,ireland,NA,NA,NA,NA,-7.692053599999999,53.1423672,IRL
15378,NA,NA,15378_1,mexico city,Mexico,NA,hospital infantil de mexico federico gomez himfg,NA,NA,travel_loc_1,"hospital, city, country","hospital infantil de mexico federico gomez himfg, mexico city, mexico",NA,NA,NA,NA,-99.1520204,19.410614,MEX
15475,NA,NA,15475_1,NA,France,france,NA,"mecca, saudi arabia",NA,travel_loc_1,country,france,39.8579118,21.3890824,2.213749,46.227638,2.213749,46.227638,FRA
15475,NA,NA,15475_1,NA,France,france,NA,"medina, saudi arabia",NA,travel_loc_2,country,france,39.5691841,24.5246542,2.213749,46.227638,2.213749,46.227638,FRA
15632,NA,NA,15632_1,NA,Finland,NA,hus,greece,NA,travel_loc_1,"hospital, country","hus, finland",21.824312,39.074208,NA,NA,24.922504,60.1810951,FIN
15632,NA,NA,15632_1,NA,Finland,NA,hus,italy,NA,travel_loc_2,"hospital, country","hus, finland",12.56738,41.87194,NA,NA,24.922504,60.1810951,FIN
15654,NA,NA,15654_1,NA,Denmark,denmark,NA,NA,NA,travel_loc_1,country,denmark,NA,NA,9.501785,56.26392,9.501785,56.26392,DNK
15760,NA,NA,15760_1,NA,Italy,NA,NA,NA,NA,travel_loc_1,country,italy,NA,NA,NA,NA,12.56738,41.87194,ITA
15902,NA,NA,15902_1,sydney,Australia,NA,sydney eye hospital,NA,NA,travel_loc_1,"hospital, city, country","sydney eye hospital, sydney, australia",NA,NA,NA,NA,151.2122224,-33.86816220000001,AUS
15936,NA,NA,15936_1,athens,Greece,NA,aglaia kyriakou pediatric hospital,NA,NA,travel_loc_1,"hospital, city, country","aglaia kyriakou pediatric hospital, athens, greece",NA,NA,NA,NA,23.7678473,37.9852228,GRC
15946,NA,NA,15946_1,athens,Greece,NA,"""iatrikon athinon"" medical center",NA,NA,travel_loc_1,"hospital, city, country","""iatrikon athinon"" medical center, athens, greece",NA,NA,NA,NA,23.7002532,37.9923937,GRC
16237,NA,NA,16237_1,NA,India,NA,sher-i-kashmir institute of medical sciences skims,NA,kashmir,travel_loc_1,"hospital, state_province_district, country","sher-i-kashmir institute of medical sciences skims, kashmir, india",NA,NA,NA,NA,74.8001468,34.1361402,IND
16248,NA,NA,16248_1,NA,Canada,canada,NA,"mysore, india",alberta,travel_loc_1,"state_province_district, country","alberta, canada",76.6393805,12.2958104,-106.346771,56.130366,-116.5765035,53.9332706,CAN
16251,NA,NA,16251_1,pretoria,South Africa,NA,NA,NA,gauteng,travel_loc_1,"city, state_province_district, country","pretoria, gauteng, south africa",NA,NA,NA,NA,28.2292712,-25.7478676,ZAF
16267,NA,NA,16267_1,pittsburgh,United States,NA,university of pittsburgh medical center,NA,pennsylvania,travel_loc_1,"hospital, city, state_province_district, country","university of pittsburgh medical center, pittsburgh, pennsylvania, united states",NA,NA,NA,NA,-79.961006,40.4425937,USA
16438,NA,NA,16438_1,london,United Kingdom,NA,st georges hospital,NA,NA,travel_loc_1,"hospital, city, country","st georges hospital, london, united kingdom",NA,NA,NA,NA,-0.1749994,51.4252255,GBR
16715,NA,NA,16715_1,rabat,Morocco,NA,NA,NA,NA,travel_loc_1,"city, country","rabat, morocco",NA,NA,NA,NA,-6.8498129,33.9715904,MAR
16726,NA,NA,16726_1,nairobi,Kenya,NA,aga khan university hospital,NA,NA,travel_loc_1,"hospital, city, country","aga khan university hospital, nairobi, kenya",NA,NA,NA,NA,36.824348,-1.2616306,KEN
16801,NA,NA,16801_1,logrono,Spain,spain,NA,NA,NA,travel_loc_1,"city, country","logrono, spain",NA,NA,-3.74922,40.46366700000001,-2.4449852,42.4627195,ESP
16837,NA,NA,16837_1,NA,Iran,NA,NA,NA,NA,travel_loc_1,country,iran,NA,NA,NA,NA,53.688046,32.427908,IRN
16897,NA,NA,16897_1,NA,India,NA,NA,NA,NA,travel_loc_1,country,india,NA,NA,NA,NA,78.96288,20.593684,IND
17068,NA,NA,17068_1,chicago,United States,NA,NA,NA,NA,travel_loc_1,"city, country","chicago, united states",NA,NA,NA,NA,-87.6297982,41.8781136,USA
17121,NA,NA,17121_1,tripoli,Lebanon,syria,government hospital of kobbe,syria,NA,travel_loc_1,"hospital, city, country","government hospital of kobbe, tripoli, lebanon",38.996815,34.80207499999999,38.996815,34.80207499999999,35.8602605,34.4374228,LBN
17169,NA,NA,17169_1,mysore,India,NA,jss medical college,NA,NA,travel_loc_1,"hospital, city, country","jss medical college, mysore, india",NA,NA,NA,NA,76.652721,12.3444424,IND
17611,NA,NA,17611_1,NA,Australia,NA,NA,"perth, australia",NA,travel_loc_1,country,australia,115.8604572,-31.9505269,NA,NA,133.775136,-25.274398,AUS
17611,NA,NA,17611_1,NA,Australia,NA,NA,"new york city, united states",NA,travel_loc_2,country,australia,-74.0059728,40.7127753,NA,NA,133.775136,-25.274398,AUS
17611,NA,NA,17611_1,NA,Australia,NA,NA,"honolulu, united states",NA,travel_loc_3,country,australia,-157.8583333,21.3069444,NA,NA,133.775136,-25.274398,AUS
17611,NA,NA,17611_1,NA,Australia,NA,NA,"vancouver, canada",NA,travel_loc_4,country,australia,-123.1207375,49.2827291,NA,NA,133.775136,-25.274398,AUS
17649,NA,NA,17649_1,aligarh,India,NA,jawaharlal nehru medical college,NA,NA,travel_loc_1,"hospital, city, country","jawaharlal nehru medical college, aligarh, india",NA,NA,NA,NA,78.0857405,27.918604,IND
17819,NA,NA,17819_1,NA,Spain,NA,NA,NA,NA,travel_loc_1,country,spain,NA,NA,NA,NA,-3.74922,40.46366700000001,ESP
17942,NA,NA,17942_1,rio de janeiro,Brazil,NA,NA,NA,NA,travel_loc_1,"city, country","rio de janeiro, brazil",NA,NA,NA,NA,-43.1728965,-22.9068467,BRA
18073,NA,NA,18073_1,rochester,United States,NA,NA,NA,minnesota,travel_loc_1,"city, state_province_district, country","rochester, minnesota, united states",NA,NA,NA,NA,-92.4801989,44.0121221,USA
18141,NA,NA,18141_1,kullu,India,india,NA,NA,NA,travel_loc_1,"city, country","kullu, india",NA,NA,78.96288,20.593684,77.1094597,31.957851,IND
18158,NA,NA,18158_1,NA,Japan,NA,medical hospital of tokyo medical and dental university,brazil,NA,travel_loc_1,"hospital, country","medical hospital of tokyo medical and dental university, japan",-51.92528,-14.235004,NA,NA,139.7643633,35.7014296,JPN
18184,NA,NA,18184_1,NA,United States,united states,NA,india,NA,travel_loc_1,country,the united states,78.96288,20.593684,-95.712891,37.09024,-95.712891,37.09024,USA
18265,NA,NA,18265_1,NA,Norway,NA,NA,greece,NA,travel_loc_1,country,norway,21.824312,39.074208,NA,NA,8.468945999999999,60.47202399999999,NOR
18265,NA,NA,18265_1,NA,Norway,NA,NA,israel,NA,travel_loc_2,country,norway,34.851612,31.046051,NA,NA,8.468945999999999,60.47202399999999,NOR
18265,NA,NA,18265_2,NA,Sweden,NA,NA,NA,NA,travel_loc_3,country,sweden,NA,NA,NA,NA,18.643501,60.12816100000001,SWE
18266,b,binomial (genus species); drug resisted; event year; place traveled to; sex; strain,18266_1,NA,NA,NA,NA,india,NA,travel_loc_1,,,78.96288,20.593684,NA,NA,NA,NA,NA
18266,NA,NA,18266_1,NA,Norway,NA,NA,NA,NA,travel_loc_2,country,norway,NA,NA,NA,NA,8.468945999999999,60.47202399999999,NOR
18418,NA,NA,18418_1,NA,Algeria,NA,university hospital of annaba,NA,NA,travel_loc_1,"hospital, country","university hospital of annaba, algeria",NA,NA,NA,NA,7.765345499999999,36.902826,DZA
18437,NA,NA,18437_1,NA,India,NA,NA,NA,NA,travel_loc_1,country,india,NA,NA,NA,NA,78.96288,20.593684,IND
18438,NA,NA,18438_1,rawalpindi,Pakistan,NA,children ward of the military hospital,NA,NA,travel_loc_1,"hospital, city, country","children ward of the military hospital, rawalpindi, pakistan",NA,NA,NA,NA,73.0430098,33.5937311,PAK
18469,NA,NA,18469_1,NA,Italy,NA,NA,NA,NA,travel_loc_1,country,italy,NA,NA,NA,NA,12.56738,41.87194,ITA
18470,NA,NA,18470_1,NA,Italy,NA,NA,NA,NA,travel_loc_1,country,italy,NA,NA,NA,NA,12.56738,41.87194,ITA
18631,NA,NA,18631_1,NA,Germany,NA,NA,NA,NA,travel_loc_1,country,germany2,NA,NA,NA,NA,10.451526,51.165691,DEU
18674,NA,NA,18674_1,tubarao,Brazil,NA,hospital nossa senhora da conceicao,NA,santa catarina,travel_loc_1,"hospital, city, state_province_district, country","hospital nossa senhora da conceicao, tubarao, santa catarina, brazil",NA,NA,NA,NA,-49.00294,-28.4804845,BRA
18778,NA,NA,18778_1,NA,United Kingdom,united kingdom,alexandra hospital,NA,NA,travel_loc_1,"hospital, country","alexandra hospital, united kingdom",NA,NA,-3.435973,55.378051,-1.9129407,52.280084,GBR
18818,NA,NA,18818_1,bournemouth,United Kingdom,NA,bournemouth hospital,NA,NA,travel_loc_1,"hospital, city, country","bournemouth hospital, bournemouth, united kingdom",NA,NA,NA,NA,-1.820774,50.745682,GBR
18852,NA,NA,18852_1,zaragoza,Spain,NA,the hospital clinico lozano blesa,NA,NA,travel_loc_1,"hospital, city, country","the hospital clinico lozano blesa, zaragoza, spain",NA,NA,NA,NA,-0.9033678999999999,41.6434171,ESP
18940,NA,NA,18940_1,new york,United States,NA,new york-presbyterian hospital,NA,new york,travel_loc_1,"hospital, city, state_province_district, country","new york-presbyterian hospital, new york, new york, united states",NA,NA,NA,NA,-73.941379799999993,40.8396716,USA
18946,NA,NA,18946_1,tehran,Iran,NA,NA,india,NA,travel_loc_1,"city, country","tehran, iran",78.96288,20.593684,NA,NA,51.3889736,35.6891975,IRN
18946,NA,NA,18946_1,tehran,Iran,NA,NA,pakistan,NA,travel_loc_2,"city, country","tehran, iran",69.34511599999999,30.375321,NA,NA,51.3889736,35.6891975,IRN
18947,NA,NA,18947_1,tehran,Iran,NA,NA,NA,NA,travel_loc_1,"city, country","tehran, iran",NA,NA,NA,NA,51.3889736,35.6891975,IRN
18963,NA,NA,18963_1,NA,United States,NA,NA,NA,georgia,travel_loc_1,"state_province_district, country","georgia, united states",NA,NA,NA,NA,-82.9000751,32.1656221,USA
19093,NA,NA,19093_1,NA,United States,united states,walter reed army medical center wramc,germany,"washington, dc",travel_loc_1,"hospital, state_province_district, country","walter reed army medical center wramc, washington, dc, united states",10.451526,51.165691,-95.712891,37.09024,-77.028746,38.976559,USA
19093,NA,NA,19093_1,NA,United States,united states,walter reed army medical center wramc,afghanistan,"washington, dc",travel_loc_2,"hospital, state_province_district, country","walter reed army medical center wramc, washington, dc, united states",67.709953,33.93911,-95.712891,37.09024,-77.028746,38.976559,USA
19152,NA,NA,19152_1,jeonju,South Korea,NA,chonbuk national university hospital,NA,NA,travel_loc_1,"hospital, city, country","chonbuk national university hospital, jeonju, south korea",NA,NA,NA,NA,127.141001,35.846885,KOR
19196,NA,NA,19196_1,NA,Iran,NA,NA,NA,NA,travel_loc_1,country,iran,NA,NA,NA,NA,53.688046,32.427908,IRN
19267,NA,NA,19267_1,NA,United States,NA,NA,NA,michigan,travel_loc_1,"state_province_district, country","michigan, united states",NA,NA,NA,NA,-85.60236429999999,44.3148443,USA
19568,NA,NA,19568_1,manerbio,Italy,NA,NA,NA,NA,travel_loc_1,"city, country","manerbio, italy",NA,NA,NA,NA,10.140792,45.3534331,ITA
19607,NA,NA,19607_1,barcelona,Spain,spain,the hospital clinic of barcelona,india,NA,travel_loc_1,"hospital, city, country","the hospital clinic of barcelona, barcelona, spain",78.96288,20.593684,-3.74922,40.46366700000001,2.1522994,41.3895158,ESP
19609,NA,NA,19609_1,barcelona,Spain,spain,hospital clinic of barcelona,india,NA,travel_loc_1,"hospital, city, country","hospital clinic of barcelona, barcelona, spain",78.96288,20.593684,-3.74922,40.46366700000001,2.1522994,41.3895158,ESP
19615,NA,NA,19615_1,kafr el-sheikh,Egypt,NA,NA,NA,NA,travel_loc_1,"city, country","kafr el-sheikh, egypt",NA,NA,NA,NA,30.9419751,31.1063198,EGY
20331,NA,NA,20331_1,kathmandu,Nepal,NA,tribhuvan university teaching hospital,NA,NA,travel_loc_1,"hospital, city, country","tribhuvan university teaching hospital, kathmandu, nepal",NA,NA,NA,NA,85.3302641,27.7360022,NPL
20332,NA,NA,20332_1,kathmandu,Nepal,NA,tribhuvan university teaching hospital,NA,NA,travel_loc_1,"hospital, city, country","tribhuvan university teaching hospital, kathmandu, nepal",NA,NA,NA,NA,85.3302641,27.7360022,NPL
20339,NA,NA,20339_1,NA,South Korea,NA,NA,NA,NA,travel_loc_1,country,south korea,NA,NA,NA,NA,127.766922,35.907757,KOR
20344,NA,NA,20344_1,NA,Japan,NA,NA,NA,NA,travel_loc_1,country,japan,NA,NA,NA,NA,138.252924,36.204824,JPN
20350,NA,NA,20350_1,bushehr,Iran,NA,NA,persian gulf,NA,travel_loc_1,"city, country","bushehr, iran",51.6834275,26.7505337,NA,NA,50.820314,28.9233837,IRN
20553,NA,NA,20553_1,NA,Spain,NA,NA,NA,NA,travel_loc_1,country,spain,NA,NA,NA,NA,-3.74922,40.46366700000001,ESP
20840,NA,NA,20840_1,brampton,Canada,NA,NA,india,ontario,travel_loc_1,"city, state_province_district, country","brampton, ontario, canada",78.96288,20.593684,NA,NA,-79.7624177,43.7315479,CAN
20841,NA,NA,20841_1,brampton,Canada,NA,NA,"mumbai, india",ontario,travel_loc_1,"city, state_province_district, country","brampton, ontario, canada",72.8776559,19.0759837,NA,NA,-79.7624177,43.7315479,CAN
20899,NA,NA,20899_1,sofia,Bulgaria,NA,NA,NA,NA,travel_loc_1,"city, country","sofia, bulgaria",NA,NA,NA,NA,23.3218675,42.6977082,BGR
21029,NA,NA,21029_1,NA,Japan,japan,NA,NA,NA,travel_loc_1,country,japan,NA,NA,138.252924,36.204824,138.252924,36.204824,JPN
21083,NA,NA,21083_1,santiago de compostela,Spain,NA,university hospital complex of santiago de compostela,NA,NA,travel_loc_1,"hospital, city, country","university hospital complex of santiago de compostela, santiago de compostela, spain",NA,NA,NA,NA,-8.565451900000001,42.8690532,ESP
21149,NA,NA,21149_1,serres,Greece,NA,serres general hospital,NA,NA,travel_loc_1,"hospital, city, country","serres general hospital, serres, greece",NA,NA,NA,NA,23.5822707,41.0901159,GRC
21164,NA,NA,21164_1,NA,Taiwan,NA,NA,NA,NA,travel_loc_1,country,taiwan,NA,NA,NA,NA,120.960515,23.69781,TWN
21192,NA,NA,21192_1,tokyo,Japan,NA,tokyo medical university hospital,NA,NA,travel_loc_1,"hospital, city, country","tokyo medical university hospital, tokyo, japan",NA,NA,NA,NA,139.6915648,35.6934407,JPN
21257,NA,NA,21257_1,NA,Canada,NA,NA,NA,NA,travel_loc_1,country,canada,NA,NA,NA,NA,-106.346771,56.130366,CAN
21347,NA,NA,21347_1,NA,Austria,NA,NA,germany,NA,travel_loc_1,country,austria,10.451526,51.165691,NA,NA,14.550072,47.516231,AUT
21348,NA,NA,21348_1,NA,Norway,norway,NA,NA,NA,travel_loc_1,country,norway,NA,NA,8.468945999999999,60.47202399999999,8.468945999999999,60.47202399999999,NOR
21464,NA,NA,21464_1,veldhoven,Netherlands,NA,NA,NA,NA,travel_loc_1,"city, country","veldhoven, netherlands",NA,NA,NA,NA,5.4060209,51.4176337,NLD
21479,NA,NA,21479_1,amsterdam,Netherlands,NA,NA,NA,NA,travel_loc_1,"city, country","amsterdam, netherlands",NA,NA,NA,NA,4.9035614,52.3679843,NLD
21824,NA,NA,21824_1,besancon,France,NA,besancon hospital,NA,NA,travel_loc_1,"hospital, city, country","besancon hospital, besancon, france",NA,NA,NA,NA,5.9625074,47.2253635,FRA
21838,NA,NA,21838_1,charleston,United States,NA,NA,NA,south carolina,travel_loc_1,"city, state_province_district, country","charleston, south carolina, united states",NA,NA,NA,NA,-79.93105120000001,32.7764749,USA
21982,NA,NA,21982_1,serres,Greece,NA,serres general hospital,NA,NA,travel_loc_1,"hospital, city, country","serres general hospital, serres, greece",NA,NA,NA,NA,23.5822707,41.0901159,GRC
22121,NA,NA,22121_1,taipei,Taiwan,NA,"tri-service general hospital, national defense medical center",NA,NA,travel_loc_1,"hospital, city, country","tri-service general hospital, national defense medical center, taipei, taiwan",NA,NA,NA,NA,121.5922631,25.0717082,TWN
22167,NA,NA,22167_1,beijing,China,NA,public hospital,NA,NA,travel_loc_1,"hospital, city, country","public hospital, beijing, china",NA,NA,NA,NA,116.404743,39.9224518,CHN
22199,NA,NA,22199_1,beijing,China,NA,NA,NA,NA,travel_loc_1,"city, country","beijing, china",NA,NA,NA,NA,116.4073963,39.90419989999999,CHN
22437,NA,NA,22437_1,tourcoing,France,NA,hospital center de tourcoing,NA,NA,travel_loc_1,"hospital, city, country","hospital center de tourcoing, tourcoing, france",NA,NA,NA,NA,3.1801727,50.7441021,FRA
22574,NA,NA,22574_1,NA,United States,NA,NA,philippines,oregon,travel_loc_1,"state_province_district, country","oregon, united states",121.774017,12.879721,NA,NA,-120.5542012,43.8041334,USA
22703,a,age; binomial (genus species); drug resisted; event date; event month; event year; sex; state/province/district,22703_1,NA,United States,NA,NA,NA,new york,travel_loc_1,"state_province_district, country","new york, united states",NA,NA,NA,NA,-74.0059728,40.7127753,USA
22703,b,age; binomial (genus species); comorbidities; drug resisted; event date; event month; event year; sex; state/province/district,22703_1,NA,United States,NA,NA,NA,connecticut,travel_loc_2,"state_province_district, country","connecticut, united states",NA,NA,NA,NA,-73.087749,41.6032207,USA
22703,c,age; binomial (genus species); comorbidities; event month; event year; sex; state/province/district,22703_1,NA,United States,NA,NA,NA,connecticut,travel_loc_3,"state_province_district, country","connecticut, united states",NA,NA,NA,NA,-73.087749,41.6032207,USA
22703,NA,NA,22703_1,westchester county,United States,NA,NA,NA,NA,travel_loc_4,"city, country","westchester county, united states",NA,NA,NA,NA,-73.7948516,41.1220194,USA
23039,NA,NA,23039_1,NA,China,NA,the first affiliated hospital of anhui medical university,NA,NA,travel_loc_1,"hospital, country","the first affiliated hospital of anhui medical university, china",NA,NA,NA,NA,117.268745,31.84583099999999,CHN
23107,NA,NA,23107_1,o rebro,Sweden,sweden,NA,india,NA,travel_loc_1,"city, country","o rebro, sweden",78.96288,20.593684,18.643501,60.12816100000001,15.2134105,59.2752626,SWE
23248,NA,NA,23248_1,cairo,Egypt,NA,kasr al aini hospita,NA,NA,travel_loc_1,"hospital, city, country","kasr al aini hospita, cairo, egypt",NA,NA,NA,NA,31.2286221,30.0318766,EGY
23251,NA,NA,23251_1,maringa,Brazil,NA,NA,NA,parana,travel_loc_1,"city, state_province_district, country","maringa, parana, brazil",NA,NA,NA,NA,-51.9330558,-23.4209995,BRA
23314,a,age; city; country; country of residence; event month; event year; hospital name; sex,23314_1,graz,Austria,austria,university hospital,NA,NA,travel_loc_1,"hospital, city, country","university hospital, graz, austria",NA,NA,14.550072,47.516231,15.4658311,47.0810454,AUT
23314,b,age; city; country; country of residence; event month; event year; hospital name; sex,23314_1,graz,Austria,kosovo,university hospital,NA,NA,travel_loc_2,"hospital, city, country","university hospital, graz, austria",NA,NA,20.902977,42.6026359,15.4658311,47.0810454,AUT
23314,NA,NA,23314_1,NA,NA,NA,NA,pakistan,NA,travel_loc_3,,,69.34511599999999,30.375321,NA,NA,NA,NA,NA
23314,NA,NA,23314_1,NA,NA,NA,NA,india,NA,travel_loc_4,,,78.96288,20.593684,NA,NA,NA,NA,NA
23408,NA,NA,23408_1,NA,China,NA,peking university first hospital,NA,"jiaozhou, shandong",travel_loc_1,"hospital, state_province_district, country","peking university first hospital, jiaozhou, shandong, china",NA,NA,NA,NA,116.380416,39.931765,CHN
23491,NA,NA,23491_1,NA,China,NA,NA,NA,NA,travel_loc_1,country,china,NA,NA,NA,NA,104.195397,35.86166,CHN
23549,NA,NA,23549_1,guangzhou,China,china,guangzhou women and childrens,NA,NA,travel_loc_1,"hospital, city, country","guangzhou women and childrens, guangzhou, china",NA,NA,104.195397,35.86166,113.320116,23.124263,CHN
23647,NA,NA,23647_1,kuala lumpur,Malaysia,NA,kuala lumpur hospital,NA,NA,travel_loc_1,"hospital, city, country","kuala lumpur hospital, kuala lumpur, malaysia",NA,NA,NA,NA,101.70181,3.1715251,MYS
23761,NA,NA,23761_1,NA,United States,NA,NA,NA,west virginia,travel_loc_1,"state_province_district, country","west virginia, united states",NA,NA,NA,NA,-80.4549026,38.5976262,USA
68035,NA,NA,68035_1,glasgow,United Kingdom,somalia,NA,NA,scotland,travel_loc_1,"city, state_province_district, country","glasgow, scotland, united kingdom",NA,NA,46.199616,5.152149,-4.251806,55.864237,GBR
786078,NA,NA,786078_1,NA,Japan,NA,NA,NA,NA,travel_loc_1,country,japan,NA,NA,NA,NA,138.252924,36.204824,JPN
927831,NA,NA,927831_1,NA,Austria,austria,NA,NA,NA,travel_loc_1,country,austria,NA,NA,14.550072,47.516231,14.550072,47.516231,AUT
1005663,NA,NA,1005663_1,NA,India,NA,p d hinduja national hospital and medical research centre,NA,NA,travel_loc_1,"hospital, country","p d hinduja national hospital and medical research centre, india",NA,NA,NA,NA,72.838349,19.0335001,IND
1044861,NA,NA,1044861_1,NA,Ireland,NA,NA,kolkata,NA,travel_loc_1,country,ireland,88.36389500000001,22.572646,NA,NA,-7.692053599999999,53.1423672,IRL
1044861,NA,NA,1044861_1,NA,Ireland,NA,NA,eastern india,NA,travel_loc_2,country,ireland,85.98001099999999,22.8961999,NA,NA,-7.692053599999999,53.1423672,IRL
1074688,NA,NA,1074688_1,santiago,Chile,NA,NA,italy,NA,travel_loc_1,"city, country","santiago, chile",12.56738,41.87194,NA,NA,-70.6692655,-33.4488897,CHL
1175801,NA,NA,1175801_1,ljubljana,Slovenia,NA,NA,NA,NA,travel_loc_1,"city, country","ljubljana, slovenia",NA,NA,NA,NA,14.5057515,46.0569465,SVN
1224333,NA,NA,1224333_1,NA,India,NA,jawaharlal institute of post-graduate medical education and research jipmer,NA,puducherry,travel_loc_1,"hospital, state_province_district, country","jawaharlal institute of post-graduate medical education and research jipmer, puducherry, india",NA,NA,NA,NA,79.7996963,11.9503023,IND
1249316,NA,NA,1249316_1,NA,France,cameroon,NA,NA,NA,travel_loc_1,country,france,NA,NA,12.354722,7.369721999999999,2.213749,46.227638,FRA
1402258,NA,NA,1402258_1,saint-mande,France,NA,infectious diseases department of the military hospital begin,serbia,NA,travel_loc_1,"hospital, city, country","infectious diseases department of the military hospital begin, saint-mande, france",21.005859,44.016521,NA,NA,2.4253137,48.843381,FRA
1581525,NA,NA,1581525_1,los angeles,United States,NA,NA,NA,california,travel_loc_1,"city, state_province_district, country","los angeles, california, united states",NA,NA,NA,NA,-118.2436849,34.0522342,USA
1800166,NA,NA,1800166_1,sao paulo,Brazil,NA,NA,NA,NA,travel_loc_1,"city, country","sao paulo, brazil",NA,NA,NA,NA,-46.63330939999999,-23.5505199,BRA
1860993,NA,NA,1860993_1,NA,France,algeria,NA,NA,NA,travel_loc_1,country,france,NA,NA,1.659626,28.033886,2.213749,46.227638,FRA
2008610,NA,NA,2008610_1,NA,Netherlands,NA,NA,egypt,NA,travel_loc_1,country,netherlands,30.802498,26.820553,NA,NA,5.291265999999999,52.132633,NLD
2057055,NA,NA,2057055_1,NA,Japan,japan,NA,"manali, india",NA,travel_loc_1,country,japan,77.1887145,32.2396325,138.252924,36.204824,138.252924,36.204824,JPN
2057055,NA,NA,2057055_1,NA,Japan,japan,NA,china,NA,travel_loc_2,country,japan,104.195397,35.86166,138.252924,36.204824,138.252924,36.204824,JPN
2057055,NA,NA,2057055_1,NA,Japan,japan,NA,myanmar,NA,travel_loc_3,country,japan,95.955974,21.916221,138.252924,36.204824,138.252924,36.204824,JPN
2057055,NA,NA,2057055_1,NA,Japan,japan,NA,thailand,NA,travel_loc_4,country,japan,100.992541,15.870032,138.252924,36.204824,138.252924,36.204824,JPN
2057055,NA,NA,2057055_1,NA,Japan,japan,NA,nepal,NA,travel_loc_5,country,japan,84.12400799999999,28.394857,138.252924,36.204824,138.252924,36.204824,JPN
2196649,NA,NA,2196649_1,NA,Kenya,NA,NA,NA,NA,travel_loc_1,country,kenya,NA,NA,NA,NA,37.906193,-0.023559,KEN
2196840,NA,NA,2196840_1,hong kong,China,NA,NA,NA,NA,travel_loc_1,"city, country","hong kong, china",NA,NA,NA,NA,114.1693611,22.3193039,CHN
2202090,NA,NA,2202090_1,NA,United States,NA,NA,NA,michigan,travel_loc_1,"state_province_district, country","michigan, united states",NA,NA,NA,NA,-85.60236429999999,44.3148443,USA
2203256,NA,NA,2203256_1,karachi,Pakistan,NA,NA,NA,NA,travel_loc_1,"city, country","karachi, pakistan",NA,NA,NA,NA,67.0011364,24.8607343,PAK
2206209,NA,NA,2206209_1,NA,United States,NA,NA,NA,north carolina,travel_loc_1,"state_province_district, country","north carolina, united states",NA,NA,NA,NA,-79.01929969999999,35.7595731,USA
2207089,NA,NA,2207089_1,cite la cure,Mauritius,NA,NA,NA,NA,travel_loc_1,"city, country","cite la cure, mauritius",NA,NA,NA,NA,57.5336087,-20.1553012,MUS
2723627,NA,NA,2723627_1,cairns,Australia,NA,NA,sydney [australia],NA,travel_loc_1,"city, country","cairns, australia",151.2092955,-33.8688197,NA,NA,145.7780548,-16.9185514,AUS
3656467,NA,NA,3656467_1,leeds,United Kingdom,NA,NA,NA,NA,travel_loc_1,"city, country","leeds, united kingdom",NA,NA,NA,NA,-1.5490774,53.8007554,GBR
3723227,NA,NA,3723227_1,NA,Netherlands,netherlands,NA,NA,NA,travel_loc_1,country,netherlands,NA,NA,5.291265999999999,52.132633,5.291265999999999,52.132633,NLD
3844715,NA,NA,3844715_1,NA,Denmark,NA,NA,NA,NA,travel_loc_1,country,denmark,NA,NA,NA,NA,9.501785,56.26392,DNK
3907866,NA,NA,3907866_1,NA,United Kingdom,NA,NA,NA,NA,travel_loc_1,country,united kingdom,NA,NA,NA,NA,-3.435973,55.378051,GBR
3915891,NA,NA,3915891_1,ottawa,Canada,canada,NA,egypt,NA,travel_loc_1,"city, country","ottawa, canada",30.802498,26.820553,-106.346771,56.130366,-75.69719309999999,45.4215296,CAN
4251552,NA,NA,4251552_1,NA,United States,NA,NA,NA,pennsylvania,travel_loc_1,"state_province_district, country","pennsylvania, united states",NA,NA,NA,NA,-77.1945247,41.2033216,USA
4459453,NA,NA,4459453_1,NA,United States,NA,NA,NA,new jersey,travel_loc_1,"state_province_district, country","new jersey, united states",NA,NA,NA,NA,-74.4056612,40.0583238,USA
